ssdread	21625
ssdread	210433
ssdread	131920
ssdread	195634
ssdread	103879
ssdread	254200
ssdread	172301
ssdread	92449
ssdread	159262
ssdread	91836
ssdread	161147
ssdread	170537
ssdread	137197
ssdread	62787
ssdread	60536
ssdread	58076
ssdread	56215
ssdread	66875
ssdread	125985
ssdread	55323
ssdread	125807
ssdread	70734
ssdread	316076
ssdread	138402
ssdread	125039
ssdread	72708
ssdread	56219
ssdread	159280
ssdread	64423
ssdread	67877
ssdread	55083
ssdread	63183
ssdread	62637
ssdread	123770
ssdread	113548
ssdread	134880
ssdread	73259
ssdread	77069
ssdread	69962
ssdread	64631
ssdread	56364
ssdread	64532
ssdread	58067
ssdread	62821
ssdread	68965
ssdread	63956
ssdread	83146
ssdread	54612
ssdread	127141
ssdread	125462
ssdread	64422
ssdread	53903
ssdread	59652
ssdread	54993
ssdread	136501
ssdread	122503
ssdread	59343
ssdread	60796
ssdread	57595
ssdread	57179
ssdread	52343
ssdread	54320
ssdread	52835
ssdread	58017
ssdread	121622
ssdread	58793
ssdread	62216
ssdread	65922
ssdread	109654
ssdread	62884
ssdread	52822
ssdread	283119
ssdread	149668
ssdread	58199
ssdread	54971
ssdread	72158
ssdread	102257
ssdread	112878
ssdread	199647
ssdread	61312
ssdread	61836
ssdread	70120
ssdread	127043
ssdread	61179
ssdread	57210
ssdread	67323
ssdread	59297
ssdread	237077
ssdread	104618
ssdread	93712
ssdread	86694
ssdread	101932
ssdread	112214
ssdread	125686
ssdread	63198
ssdread	62560
ssdread	63609
ssdread	56457
ssdread	55245
ssdread	75294
ssdread	171146
ssdread	57986
ssdread	111553
ssdread	63259
ssdread	63076
ssdread	55109
ssdread	62167
ssdread	63026
ssdread	62255
ssdread	122563
ssdread	58625
ssdread	56033
ssdread	57940
ssdread	59006
ssdread	59394
ssdread	54827
ssdread	123921
ssdread	57499
ssdread	62720
ssdread	64296
ssdread	56986
ssdread	63242
ssdread	57019
ssdread	55890
ssdread	53413
ssdread	54035
ssdread	57000
ssdread	167591
ssdread	125436
ssdread	58018
ssdread	54437
ssdread	55740
ssdread	57855
ssdread	59289
ssdread	58188
ssdread	54055
ssdread	53865
ssdread	57752
ssdread	57343
ssdread	57267
ssdread	58801
ssdread	69223
ssdread	57751
ssdread	168888
ssdread	62574
ssdread	68479
ssdread	61968
ssdread	67086
ssdread	65051
ssdread	59993
ssdread	55334
ssdread	58008
ssdread	145268
ssdread	58933
ssdread	61322
ssdread	123870
ssdread	60324
ssdread	63360
ssdread	57469
ssdread	59183
ssdread	57757
ssdread	57617
ssdread	53738
ssdread	57507
ssdread	54322
ssdread	57694
ssdread	53683
ssdread	56772
ssdread	53235
ssdread	61970
ssdread	58664
ssdread	133552
ssdread	62781
ssdread	63152
ssdread	56167
ssdread	56699
ssdread	70110
ssdread	68212
ssdread	53855
ssdread	78464
ssdread	93156
ssdread	61152
ssdread	61700
ssdread	56268
ssdread	63486
ssdread	65560
ssdread	63343
ssdread	123492
ssdread	57581
ssdread	58428
ssdread	57485
ssdread	59670
ssdread	62481
ssdread	76381
ssdread	54750
ssdread	66875
ssdread	68316
ssdread	64218
ssdread	60721
ssdread	63985
ssdread	58550
ssdread	58922
ssdread	54801
ssdread	57167
ssdread	57056
ssdread	57309
ssdread	57781
ssdread	56499
ssdread	57458
ssdread	53168
ssdread	65763
ssdread	64665
ssdread	128374
ssdread	64847
ssdread	61011
ssdread	65212
ssdread	65747
ssdread	53597
ssdread	62226
ssdread	54355
ssdread	56322
ssdread	53449
ssdread	56446
ssdread	53306
ssdread	64011
ssdread	70097
ssdread	57034
ssdread	56343
ssdread	56814
ssdread	56418
ssdread	53990
ssdread	66315
ssdread	62964
ssdread	99617
ssdread	69940
ssdread	61982
ssdread	61911
ssdread	56555
ssdread	62716
ssdread	57440
ssdread	52589
ssdread	65344
ssdread	66428
ssdread	56768
ssdread	60047
ssdread	63228
ssdread	86658
ssdread	64243
ssdread	58413
ssdread	61442
ssdread	55934
ssdread	60126
ssdread	125053
ssdread	55062
ssdread	59239
ssdread	57576
ssdread	59687
ssdread	118344
ssdread	194599
ssdread	63680
ssdread	59724
ssdread	64607
ssdread	55694
ssdread	55407
ssdread	56911
ssdread	56922
ssdread	57881
ssdread	56811
ssdread	53707
ssdread	53062
ssdread	57067
ssdread	59415
ssdread	63687
ssdread	58466
ssdread	65326
ssdread	58018
ssdread	63095
ssdread	58060
ssdread	61289
ssdread	55655
ssdread	58075
ssdread	57235
ssdread	57986
ssdread	54317
ssdread	54046
ssdread	54131
ssdread	57769
ssdread	61181
ssdread	53624
ssdread	57429
ssdread	54306
ssdread	53111
ssdread	58229
ssdread	54560
ssdread	53371
ssdread	54106
ssdread	54212
ssdread	54147
ssdread	57091
ssdread	57038
ssdread	53251
ssdread	54942
ssdread	53858
ssdread	54843
ssdread	53991
ssdread	51112
ssdread	50277
ssdread	50471
ssdread	50471
ssdread	53420
ssdread	54101
ssdread	50204
ssdread	49661
ssdread	50462
ssdread	53890
ssdread	54190
ssdread	53101
ssdread	49807
ssdread	49816
ssdread	55920
ssdread	53931
ssdread	48436
ssdread	51266
ssdread	47757
ssdread	51344
ssdread	50789
ssdread	48559
ssdread	48039
ssdread	48077
ssdread	51022
ssdread	47036
ssdread	50724
ssdread	59661
ssdread	53389
ssdread	47735
ssdread	46668
ssdread	51037
ssdread	47535
ssdread	47395
ssdread	46418
ssdread	50800
ssdread	50888
ssdread	50991
ssdread	47011
ssdread	46884
ssdread	51120
ssdread	47026
ssdread	50215
ssdread	47271
ssdread	47458
ssdread	68652
ssdread	64903
ssdread	60273
ssdread	61880
ssdread	56162
ssdread	54749
ssdread	63909
ssdread	54942
ssdread	63037
ssdread	56898
ssdread	57027
ssdread	56950
ssdread	58217
ssdread	56979
ssdread	57264
ssdread	61782
ssdread	65558
ssdread	54537
ssdread	65897
ssdread	57401
ssdread	57114
ssdread	58084
ssdread	62059
ssdread	63202
ssdread	54615
ssdread	53713
ssdread	53779
ssdread	53530
ssdread	54140
ssdread	57296
ssdread	58930
ssdread	54198
ssdread	57783
ssdread	57436
ssdread	54211
ssdread	53644
ssdread	56967
ssdread	58095
ssdread	58107
ssdread	57686
ssdread	53852
ssdread	57471
ssdread	53828
ssdread	53955
ssdread	103738
ssdread	65063
ssdread	63019
ssdread	55571
ssdread	62837
ssdread	56970
ssdread	57151
ssdread	72633
ssdread	70186
ssdread	55019
ssdread	57186
ssdread	57336
ssdread	54099
ssdread	57567
ssdread	57301
ssdread	58187
ssdread	53611
ssdread	54094
ssdread	53904
ssdread	57599
ssdread	57345
ssdread	57376
ssdread	57389
ssdread	57501
ssdread	57105
ssdread	57739
ssdread	57895
ssdread	58178
ssdread	54145
ssdread	54516
ssdread	54579
ssdread	51300
ssdread	54453
ssdread	51849
ssdread	50447
ssdread	50698
ssdread	53760
ssdread	55179
ssdread	51662
ssdread	50481
ssdread	54313
ssdread	54800
ssdread	54549
ssdread	54212
ssdread	51266
ssdread	51886
ssdread	51015
ssdread	54552
ssdread	51271
ssdread	49967
ssdread	53736
ssdread	50490
ssdread	55566
ssdread	50544
ssdread	55071
ssdread	51634
ssdread	51181
ssdread	51231
ssdread	47155
ssdread	75653
ssdread	131571
ssdread	57910
ssdread	93509
ssdread	66513
ssdread	59184
ssdread	64291
ssdread	54531
ssdread	55461
ssdread	58055
ssdread	58191
ssdread	54596
ssdread	54854
ssdread	53413
ssdread	57922
ssdread	53691
ssdread	58587
ssdread	68761
ssdread	69123
ssdread	54710
ssdread	54293
ssdread	57391
ssdread	57769
ssdread	57498
ssdread	53729
ssdread	54413
ssdread	54042
ssdread	53525
ssdread	54348
ssdread	57038
ssdread	50526
ssdread	54029
ssdread	54024
ssdread	49972
ssdread	50062
ssdread	54068
ssdread	53662
ssdread	54325
ssdread	58207
ssdread	51290
ssdread	49847
ssdread	50821
ssdread	53452
ssdread	49750
ssdread	53653
ssdread	51558
ssdread	50648
ssdread	53609
ssdread	53328
ssdread	54184
ssdread	54193
ssdread	60926
ssdread	57836
ssdread	64780
ssdread	54872
ssdread	55478
ssdread	56913
ssdread	62826
ssdread	62391
ssdread	53998
ssdread	59645
ssdread	61282
ssdread	65705
ssdread	63710
ssdread	63478
ssdread	63672
ssdread	53073
ssdread	60080
ssdread	53949
ssdread	57514
ssdread	56991
ssdread	57647
ssdread	57194
ssdread	58815
ssdread	60082
ssdread	56920
ssdread	62012
ssdread	62307
ssdread	62370
ssdread	58029
ssdread	54033
ssdread	63376
ssdread	63792
ssdread	55268
ssdread	57186
ssdread	57386
ssdread	53916
ssdread	53223
ssdread	56742
ssdread	57951
ssdread	58499
ssdread	58096
ssdread	57560
ssdread	56928
ssdread	57257
ssdread	53599
ssdread	57696
ssdread	57201
ssdread	57554
ssdread	54613
ssdread	57101
ssdread	57109
ssdread	54185
ssdread	53709
ssdread	51415
ssdread	53976
ssdread	50510
ssdread	50455
ssdread	51918
ssdread	53164
ssdread	51028
ssdread	51304
ssdread	50591
ssdread	54325
ssdread	89787
ssdread	61630
ssdread	56866
ssdread	51700
ssdread	49030
ssdread	48067
ssdread	51348
ssdread	52442
ssdread	51469
ssdread	49046
ssdread	48206
ssdread	51134
ssdread	248888
ssdread	107783
ssdread	198898
ssdread	91541
ssdread	52491
ssdread	52589
ssdread	51871
ssdread	51532
ssdread	51384
ssdread	50413
ssdread	51699
ssdread	49023
ssdread	53567
ssdread	51103
ssdread	51286
ssdread	50667
ssdread	48529
ssdread	61765
ssdread	56104
ssdread	55838
ssdread	62150
ssdread	62993
ssdread	55519
ssdread	61519
ssdread	63138
ssdread	57882
ssdread	55959
ssdread	57473
ssdread	55205
ssdread	59903
ssdread	57620
ssdread	54431
ssdread	54695
ssdread	58584
ssdread	54726
ssdread	58634
ssdread	57039
ssdread	57101
ssdread	57145
ssdread	58586
ssdread	53763
ssdread	56995
ssdread	54106
ssdread	53938
ssdread	58320
ssdread	56991
ssdread	57554
ssdread	53933
ssdread	53714
ssdread	53576
ssdread	53590
ssdread	53768
ssdread	62352
ssdread	66821
ssdread	53199
ssdread	50771
ssdread	56063
ssdread	53200
ssdread	50010
ssdread	53249
ssdread	76691
ssdread	50533
ssdread	51381
ssdread	53586
ssdread	54722
ssdread	48455
ssdread	51191
ssdread	100157
ssdread	51412
ssdread	53199
ssdread	49248
ssdread	49057
ssdread	51870
ssdread	51458
ssdread	51085
ssdread	51716
ssdread	51609
ssdread	48087
ssdread	48792
ssdread	51334
ssdread	51661
ssdread	48388
ssdread	48707
ssdread	53030
ssdread	52521
ssdread	50283
ssdread	49823
ssdread	49554
ssdread	54736
ssdread	52658
ssdread	54564
ssdread	49341
ssdread	52502
ssdread	49973
ssdread	51126
ssdread	53854
ssdread	52821
ssdread	49168
ssdread	48223
ssdread	51386
ssdread	51964
ssdread	47790
ssdread	49858
ssdread	62144
ssdread	65463
ssdread	85536
ssdread	55211
ssdread	88269
ssdread	62065
ssdread	56176
ssdread	56130
ssdread	54528
ssdread	55005
ssdread	59451
ssdread	57938
ssdread	54794
ssdread	54657
ssdread	54032
ssdread	54307
ssdread	59638
ssdread	58320
ssdread	57317
ssdread	53933
ssdread	54229
ssdread	58030
ssdread	57601
ssdread	57625
ssdread	54690
ssdread	58430
ssdread	58834
ssdread	57735
ssdread	55280
ssdread	58078
ssdread	55070
ssdread	55418
ssdread	52585
ssdread	54168
ssdread	56331
ssdread	51226
ssdread	55347
ssdread	52534
ssdread	56175
ssdread	53513
ssdread	63665
ssdread	68945
ssdread	52238
ssdread	54814
ssdread	53052
ssdread	53052
ssdread	55429
ssdread	55835
ssdread	56252
ssdread	50003
ssdread	49369
ssdread	56895
ssdread	55763
ssdread	49425
ssdread	50431
ssdread	51796
ssdread	51727
ssdread	49969
ssdread	49093
ssdread	51664
ssdread	119968
ssdread	49447
ssdread	52599
ssdread	52683
ssdread	53296
ssdread	52623
ssdread	51529
ssdread	48138
ssdread	48688
ssdread	51545
ssdread	56267
ssdread	50032
ssdread	51763
ssdread	47903
ssdread	76890
ssdread	64400
ssdread	49388
ssdread	47743
ssdread	52312
ssdread	48321
ssdread	51110
ssdread	47846
ssdread	52233
ssdread	52499
ssdread	48545
ssdread	51644
ssdread	48027
ssdread	48055
ssdread	47761
ssdread	55048
ssdread	51459
ssdread	51851
ssdread	51644
ssdread	50412
ssdread	51282
ssdread	52937
ssdread	48464
ssdread	48372
ssdread	51751
ssdread	51263
ssdread	51786
ssdread	76860
ssdread	48889
ssdread	51476
ssdread	51685
ssdread	51461
ssdread	48307
ssdread	52690
ssdread	48891
ssdread	51264
ssdread	51355
ssdread	50710
ssdread	48297
ssdread	47925
ssdread	51330
ssdread	47529
ssdread	48182
ssdread	51225
ssdread	51880
ssdread	47999
ssdread	48001
ssdread	50888
ssdread	48177
ssdread	74336
ssdread	107252
ssdread	101215
ssdread	67294
ssdread	55292
ssdread	62077
ssdread	64909
ssdread	55657
ssdread	54836
ssdread	53640
ssdread	57773
ssdread	54251
ssdread	57628
ssdread	54719
ssdread	54468
ssdread	54275
ssdread	54518
ssdread	53705
ssdread	54434
ssdread	91089
ssdread	58360
ssdread	57857
ssdread	54334
ssdread	58083
ssdread	54662
ssdread	54551
ssdread	55266
ssdread	57607
ssdread	83865
ssdread	55153
ssdread	55338
ssdread	50976
ssdread	52198
ssdread	51776
ssdread	64222
ssdread	77354
ssdread	55110
ssdread	56498
ssdread	68788
ssdread	67689
ssdread	61082
ssdread	62584
ssdread	57655
ssdread	55327
ssdread	58841
ssdread	60924
ssdread	59183
ssdread	53421
ssdread	52453
ssdread	52814
ssdread	54738
ssdread	51269
ssdread	52977
ssdread	59669
ssdread	121759
ssdread	169388
ssdread	107705
ssdread	96906
ssdread	90557
ssdread	58195
ssdread	59567
ssdread	61994
ssdread	60332
ssdread	58765
ssdread	54867
ssdread	58280
ssdread	59572
ssdread	54346
ssdread	54648
ssdread	57869
ssdread	54233
ssdread	57869
ssdread	58125
ssdread	58073
ssdread	58449
ssdread	57789
ssdread	58738
ssdread	55023
ssdread	57886
ssdread	57699
ssdread	58018
ssdread	58096
ssdread	57722
ssdread	57148
ssdread	55286
ssdread	53627
ssdread	51764
ssdread	53743
ssdread	51483
ssdread	50545
ssdread	55314
ssdread	54587
ssdread	51094
ssdread	51523
ssdread	51069
ssdread	54090
ssdread	54807
ssdread	53686
ssdread	54293
ssdread	53846
ssdread	51038
ssdread	55434
ssdread	54080
ssdread	52730
ssdread	51989
ssdread	54294
ssdread	52117
ssdread	47954
ssdread	48111
ssdread	51255
ssdread	47890
ssdread	51083
ssdread	51545
ssdread	51983
ssdread	51038
ssdread	48037
ssdread	47085
ssdread	50835
ssdread	47368
ssdread	51608
ssdread	50247
ssdread	51436
ssdread	47369
ssdread	51401
ssdread	47912
ssdread	51511
ssdread	51306
ssdread	47337
ssdread	47572
ssdread	50698
ssdread	47092
ssdread	48101
ssdread	51474
ssdread	51454
ssdread	50214
ssdread	47434
ssdread	48012
ssdread	48223
ssdread	47551
ssdread	50775
ssdread	50821
ssdread	51376
ssdread	51082
ssdread	51407
ssdread	51242
ssdread	48195
ssdread	50853
ssdread	51205
ssdread	51171
ssdread	50735
ssdread	46880
ssdread	50519
ssdread	50726
ssdread	50980
ssdread	50422
ssdread	50702
ssdread	50110
ssdread	50758
ssdread	50143
ssdread	47181
ssdread	50084
ssdread	51293
ssdread	47919
ssdread	47515
ssdread	47844
ssdread	51184
ssdread	51233
ssdread	46935
ssdread	51468
ssdread	48703
ssdread	47972
ssdread	47615
ssdread	47176
ssdread	50251
ssdread	51060
ssdread	50777
ssdread	47439
ssdread	47937
ssdread	48295
ssdread	46976
ssdread	51042
ssdread	50662
ssdread	48108
ssdread	50805
ssdread	48201
ssdread	50275
ssdread	51617
ssdread	50683
ssdread	48690
ssdread	46914
ssdread	50663
ssdread	47000
ssdread	52028
ssdread	50687
ssdread	47199
ssdread	50373
ssdread	47818
ssdread	50421
ssdread	51253
ssdread	47119
ssdread	47307
ssdread	51259
ssdread	51532
ssdread	50569
ssdread	51342
ssdread	51523
ssdread	51593
ssdread	47469
ssdread	47288
ssdread	47231
ssdread	48194
ssdread	47478
ssdread	51136
ssdread	47418
ssdread	47550
ssdread	46965
ssdread	48207
ssdread	50324
ssdread	47988
ssdread	50117
ssdread	47932
ssdread	47066
ssdread	47395
ssdread	47447
ssdread	48072
ssdread	51014
ssdread	47804
ssdread	47580
ssdread	51214
ssdread	47210
ssdread	51411
ssdread	51192
ssdread	62019
ssdread	53925
ssdread	50308
ssdread	51069
ssdread	51220
ssdread	47680
ssdread	46849
ssdread	51281
ssdread	50840
ssdread	47387
ssdread	46396
ssdread	47932
ssdread	47704
ssdread	51520
ssdread	47130
ssdread	47511
ssdread	50192
ssdread	51118
ssdread	50998
ssdread	47449
ssdread	50535
ssdread	51048
ssdread	47839
ssdread	51850
ssdread	50808
ssdread	48094
ssdread	50239
ssdread	47713
ssdread	50668
ssdread	48535
ssdread	51625
ssdread	47799
ssdread	50549
ssdread	47718
ssdread	50890
ssdread	51010
ssdread	48858
ssdread	50900
ssdread	47378
ssdread	46674
ssdread	46618
ssdread	60780
ssdread	64464
ssdread	59760
ssdread	68570
ssdread	69499
ssdread	61491
ssdread	63374
ssdread	61429
ssdread	57606
ssdread	53540
ssdread	52450
ssdread	53146
ssdread	52301
ssdread	52317
ssdread	55713
ssdread	56919
ssdread	52201
ssdread	56236
ssdread	52219
ssdread	52879
ssdread	67552
ssdread	65133
ssdread	53018
ssdread	52099
ssdread	56134
ssdread	55609
ssdread	52357
ssdread	55124
ssdread	56569
ssdread	55037
ssdread	50100
ssdread	52243
ssdread	49409
ssdread	51798
ssdread	49815
ssdread	48643
ssdread	49549
ssdread	51819
ssdread	53089
ssdread	48513
ssdread	52574
ssdread	49439
ssdread	49477
ssdread	48284
ssdread	51155
ssdread	53035
ssdread	53715
ssdread	53107
ssdread	52649
ssdread	46430
ssdread	45997
ssdread	49703
ssdread	46566
ssdread	50153
ssdread	50144
ssdread	49874
ssdread	47229
ssdread	49874
ssdread	47001
ssdread	46582
ssdread	50518
ssdread	49846
ssdread	46488
ssdread	50198
ssdread	52118
ssdread	50487
ssdread	49983
ssdread	46845
ssdread	47291
ssdread	50011
ssdread	50309
ssdread	49847
ssdread	50478
ssdread	50242
ssdread	50128
ssdread	46762
ssdread	46922
ssdread	50088
ssdread	47060
ssdread	58436
ssdread	50765
ssdread	50238
ssdread	46753
ssdread	49684
ssdread	50424
ssdread	47837
ssdread	50593
ssdread	47370
ssdread	51387
ssdread	50178
ssdread	50209
ssdread	47239
ssdread	51462
ssdread	46281
ssdread	49978
ssdread	46535
ssdread	49766
ssdread	46887
ssdread	49832
ssdread	45633
ssdread	47229
ssdread	49684
ssdread	46813
ssdread	49370
ssdread	49768
ssdread	46269
ssdread	60223
ssdread	50649
ssdread	46179
ssdread	47021
ssdread	49927
ssdread	46289
ssdread	49878
ssdread	51465
ssdread	46151
ssdread	46127
ssdread	46239
ssdread	50454
ssdread	47113
ssdread	50272
ssdread	50331
ssdread	46827
ssdread	47115
ssdread	46999
ssdread	46924
ssdread	50458
ssdread	50268
ssdread	50405
ssdread	46773
ssdread	46531
ssdread	50199
ssdread	47284
ssdread	46515
ssdread	50065
ssdread	46714
ssdread	45866
ssdread	46691
ssdread	45672
ssdread	49918
ssdread	49771
ssdread	50277
ssdread	50446
ssdread	46814
ssdread	46684
ssdread	49575
ssdread	49535
ssdread	46763
ssdread	46460
ssdread	50596
ssdread	46879
ssdread	49811
ssdread	47004
ssdread	50357
ssdread	46544
ssdread	47086
ssdread	50073
ssdread	46696
ssdread	47072
ssdread	50081
ssdread	62115
ssdread	62947
ssdread	49588
ssdread	49994
ssdread	49545
ssdread	50063
ssdread	47209
ssdread	52223
ssdread	50199
ssdread	50199
ssdread	46098
ssdread	46567
ssdread	50182
ssdread	49689
ssdread	50301
ssdread	49875
ssdread	46563
ssdread	49741
ssdread	49533
ssdread	46429
ssdread	49387
ssdread	49849
ssdread	46434
ssdread	46613
ssdread	46249
ssdread	49514
ssdread	49655
ssdread	46915
ssdread	50445
ssdread	46319
ssdread	50428
ssdread	46322
ssdread	46930
ssdread	47170
ssdread	49660
ssdread	50003
ssdread	49618
ssdread	46723
ssdread	49995
ssdread	46113
ssdread	50098
ssdread	46506
ssdread	46306
ssdread	123690
ssdread	57398
ssdread	56837
ssdread	58004
ssdread	56776
ssdread	56503
ssdread	52914
ssdread	56481
ssdread	56165
ssdread	58009
ssdread	53023
ssdread	52619
ssdread	51911
ssdread	55989
ssdread	57373
ssdread	52409
ssdread	52949
ssdread	55943
ssdread	52607
ssdread	53982
ssdread	52695
ssdread	57645
ssdread	56787
ssdread	56764
ssdread	52602
ssdread	56565
ssdread	56805
ssdread	52829
ssdread	52995
ssdread	56375
ssdread	53208
ssdread	53053
ssdread	52807
ssdread	49733
ssdread	49647
ssdread	49288
ssdread	52917
ssdread	49825
ssdread	49252
ssdread	49049
ssdread	53618
ssdread	53324
ssdread	49590
ssdread	52820
ssdread	52566
ssdread	49273
ssdread	49155
ssdread	52740
ssdread	49232
ssdread	49172
ssdread	62196
ssdread	55239
ssdread	62493
ssdread	53415
ssdread	57004
ssdread	60727
ssdread	57385
ssdread	54802
ssdread	55668
ssdread	53406
ssdread	57072
ssdread	56343
ssdread	56612
ssdread	56505
ssdread	53361
ssdread	55561
ssdread	53024
ssdread	55698
ssdread	56312
ssdread	56090
ssdread	52768
ssdread	56674
ssdread	56194
ssdread	56215
ssdread	52922
ssdread	55568
ssdread	53261
ssdread	52606
ssdread	56021
ssdread	52869
ssdread	52859
ssdread	49556
ssdread	53026
ssdread	61250
ssdread	62892
ssdread	52932
ssdread	52324
ssdread	52875
ssdread	48881
ssdread	52258
ssdread	52141
ssdread	49302
ssdread	49062
ssdread	48937
ssdread	53158
ssdread	49425
ssdread	53162
ssdread	49271
ssdread	48768
ssdread	49353
ssdread	48979
ssdread	52760
ssdread	52442
ssdread	47135
ssdread	60870
ssdread	59008
ssdread	50066
ssdread	46488
ssdread	46590
ssdread	50045
ssdread	46507
ssdread	49599
ssdread	49837
ssdread	50087
ssdread	49818
ssdread	58265
ssdread	185522
ssdread	93331
ssdread	96887
ssdread	95769
ssdread	84331
ssdread	80703
ssdread	91701
ssdread	63613
ssdread	47122
ssdread	50714
ssdread	49650
ssdread	46813
ssdread	52389
ssdread	47198
ssdread	49723
ssdread	46641
ssdread	50280
ssdread	46839
ssdread	50162
ssdread	50513
ssdread	46750
ssdread	60343
ssdread	62867
ssdread	50071
ssdread	68338
ssdread	64706
ssdread	57674
ssdread	69717
ssdread	52985
ssdread	55796
ssdread	63458
ssdread	62875
ssdread	53024
ssdread	56673
ssdread	52585
ssdread	56624
ssdread	56453
ssdread	56479
ssdread	56296
ssdread	55988
ssdread	55574
ssdread	64314
ssdread	69319
ssdread	53025
ssdread	82134
ssdread	53065
ssdread	55981
ssdread	53441
ssdread	52978
ssdread	56342
ssdread	52617
ssdread	52016
ssdread	52392
ssdread	56440
ssdread	48740
ssdread	49265
ssdread	52534
ssdread	48681
ssdread	52481
ssdread	52653
ssdread	52685
ssdread	48797
ssdread	49454
ssdread	52690
ssdread	52592
ssdread	54951
ssdread	60799
ssdread	56105
ssdread	49342
ssdread	46999
ssdread	46319
ssdread	46649
ssdread	45759
ssdread	49595
ssdread	47918
ssdread	50120
ssdread	46213
ssdread	50526
ssdread	49661
ssdread	46733
ssdread	46427
ssdread	47187
ssdread	47334
ssdread	49609
ssdread	49312
ssdread	50523
ssdread	55666
ssdread	47196
ssdread	48275
ssdread	47357
ssdread	46221
ssdread	49882
ssdread	49824
ssdread	49934
ssdread	46292
ssdread	46209
ssdread	46093
ssdread	50006
ssdread	50453
ssdread	46951
ssdread	46540
ssdread	46319
ssdread	50695
ssdread	46118
ssdread	45927
ssdread	50270
ssdread	46279
ssdread	46482
ssdread	49950
ssdread	49635
ssdread	50223
ssdread	49957
ssdread	45980
ssdread	46892
ssdread	46491
ssdread	52559
ssdread	50192
ssdread	46137
ssdread	50788
ssdread	46635
ssdread	50023
ssdread	50064
ssdread	46439
ssdread	45863
ssdread	45960
ssdread	49652
ssdread	49585
ssdread	48346
ssdread	47301
ssdread	50280
ssdread	49553
ssdread	50846
ssdread	53528
ssdread	49827
ssdread	50655
ssdread	49696
ssdread	50307
ssdread	46341
ssdread	50126
ssdread	49568
ssdread	50892
ssdread	45874
ssdread	50355
ssdread	46716
ssdread	50821
ssdread	46303
ssdread	49813
ssdread	59499
ssdread	50391
ssdread	46468
ssdread	50140
ssdread	49680
ssdread	46802
ssdread	46309
ssdread	49446
ssdread	59847
ssdread	59796
ssdread	46741
ssdread	47242
ssdread	49362
ssdread	50134
ssdread	50176
ssdread	60732
ssdread	62545
ssdread	80247
ssdread	55261
ssdread	59984
ssdread	61917
ssdread	58866
ssdread	57504
ssdread	56437
ssdread	56491
ssdread	54537
ssdread	81308
ssdread	56922
ssdread	69781
ssdread	69744
ssdread	52663
ssdread	52287
ssdread	79468
ssdread	56215
ssdread	55686
ssdread	72732
ssdread	67062
ssdread	52613
ssdread	81756
ssdread	53771
ssdread	55770
ssdread	56874
ssdread	52496
ssdread	56104
ssdread	52425
ssdread	49999
ssdread	49494
ssdread	52522
ssdread	49360
ssdread	50222
ssdread	53997
ssdread	78523
ssdread	53810
ssdread	48976
ssdread	52926
ssdread	53127
ssdread	53366
ssdread	55928
ssdread	53448
ssdread	52351
ssdread	52582
ssdread	52436
ssdread	53074
ssdread	49068
ssdread	49575
ssdread	48987
ssdread	51823
ssdread	50910
ssdread	46924
ssdread	47137
ssdread	49740
ssdread	70716
ssdread	46518
ssdread	50119
ssdread	50396
ssdread	46922
ssdread	46748
ssdread	49590
ssdread	51295
ssdread	46217
ssdread	65259
ssdread	50836
ssdread	46471
ssdread	50536
ssdread	46101
ssdread	49962
ssdread	49720
ssdread	46896
ssdread	49493
ssdread	49776
ssdread	49856
ssdread	50577
ssdread	49594
ssdread	50137
ssdread	46817
ssdread	51477
ssdread	46141
ssdread	49635
ssdread	49478
ssdread	67504
ssdread	50565
ssdread	46349
ssdread	47295
ssdread	59856
ssdread	58699
ssdread	46517
ssdread	46220
ssdread	47536
ssdread	47158
ssdread	46752
ssdread	50125
ssdread	47561
ssdread	46639
ssdread	49883
ssdread	50121
ssdread	49959
ssdread	49765
ssdread	49965
ssdread	50032
ssdread	50346
ssdread	49824
ssdread	49680
ssdread	49672
ssdread	74123
ssdread	47620
ssdread	45638
ssdread	46162
ssdread	58298
ssdread	62253
ssdread	46919
ssdread	49552
ssdread	46950
ssdread	47217
ssdread	46291
ssdread	46671
ssdread	47258
ssdread	49400
ssdread	49780
ssdread	49555
ssdread	56326
ssdread	50421
ssdread	46439
ssdread	50471
ssdread	49123
ssdread	49863
ssdread	49527
ssdread	50975
ssdread	45896
ssdread	49315
ssdread	46220
ssdread	46977
ssdread	49733
ssdread	49747
ssdread	50209
ssdread	46766
ssdread	45994
ssdread	49355
ssdread	46781
ssdread	47555
ssdread	45882
ssdread	49724
ssdread	46268
ssdread	47192
ssdread	46222
ssdread	50097
ssdread	46257
ssdread	58829
ssdread	62245
ssdread	45420
ssdread	47372
ssdread	46725
ssdread	48948
ssdread	54746
ssdread	55377
ssdread	57030
ssdread	72057
ssdread	61481
ssdread	56650
ssdread	54671
ssdread	112829
ssdread	64386
ssdread	56719
ssdread	77553
ssdread	52517
ssdread	50400
ssdread	48671
ssdread	52763
ssdread	48011
ssdread	51816
ssdread	47384
ssdread	48583
ssdread	47521
ssdread	51212
ssdread	47154
ssdread	58896
ssdread	64993
ssdread	51268
ssdread	50804
ssdread	51159
ssdread	50844
ssdread	46858
ssdread	73483
ssdread	60134
ssdread	47289
ssdread	47429
ssdread	47575
ssdread	47916
ssdread	65752
ssdread	51774
ssdread	60933
ssdread	51728
ssdread	47175
ssdread	51188
ssdread	53133
ssdread	52079
ssdread	58583
ssdread	53225
ssdread	51605
ssdread	67188
ssdread	62247
ssdread	57627
ssdread	63618
ssdread	56853
ssdread	61893
ssdread	57339
ssdread	61670
ssdread	56879
ssdread	57003
ssdread	57330
ssdread	53901
ssdread	57026
ssdread	54319
ssdread	53057
ssdread	58189
ssdread	53385
ssdread	56311
ssdread	53696
ssdread	57099
ssdread	53866
ssdread	56585
ssdread	53553
ssdread	56533
ssdread	53687
ssdread	60254
ssdread	62136
ssdread	56550
ssdread	55963
ssdread	53641
ssdread	49787
ssdread	67647
ssdread	64820
ssdread	52736
ssdread	52989
ssdread	52617
ssdread	49817
ssdread	60794
ssdread	66721
ssdread	49774
ssdread	49172
ssdread	53412
ssdread	51285
ssdread	53510
ssdread	49177
ssdread	53086
ssdread	52700
ssdread	54035
ssdread	53046
ssdread	53060
ssdread	49782
ssdread	50332
ssdread	50120
ssdread	50920
ssdread	50852
ssdread	51107
ssdread	46947
ssdread	47702
ssdread	51071
ssdread	50371
ssdread	46898
ssdread	46887
ssdread	47481
ssdread	46732
ssdread	50279
ssdread	50282
ssdread	46373
ssdread	50439
ssdread	47474
ssdread	50296
ssdread	46960
ssdread	47439
ssdread	46312
ssdread	50708
ssdread	50528
ssdread	47420
ssdread	47045
ssdread	50832
ssdread	50800
ssdread	48803
ssdread	46576
ssdread	50584
ssdread	52878
ssdread	48834
ssdread	47479
ssdread	46558
ssdread	47006
ssdread	47598
ssdread	50088
ssdread	47290
ssdread	47869
ssdread	48801
ssdread	87453
ssdread	51816
ssdread	50490
ssdread	51614
ssdread	50493
ssdread	46998
ssdread	49809
ssdread	50245
ssdread	46470
ssdread	51115
ssdread	54869
ssdread	50162
ssdread	46622
ssdread	46947
ssdread	49771
ssdread	49718
ssdread	46800
ssdread	46920
ssdread	46049
ssdread	47173
ssdread	49692
ssdread	50480
ssdread	49822
ssdread	51092
ssdread	49822
ssdread	50650
ssdread	50314
ssdread	50367
ssdread	46581
ssdread	48342
ssdread	52187
ssdread	51067
ssdread	50527
ssdread	50240
ssdread	49547
ssdread	46825
ssdread	46987
ssdread	50368
ssdread	49837
ssdread	51025
ssdread	47003
ssdread	47063
ssdread	47652
ssdread	46847
ssdread	50487
ssdread	47037
ssdread	50186
ssdread	46825
ssdread	50635
ssdread	47090
ssdread	48028
ssdread	48277
ssdread	49750
ssdread	46656
ssdread	47031
ssdread	47141
ssdread	50350
ssdread	47806
ssdread	52801
ssdread	50413
ssdread	48152
ssdread	50089
ssdread	51445
ssdread	50951
ssdread	51310
ssdread	50029
ssdread	50545
ssdread	50323
ssdread	46910
ssdread	46898
ssdread	61369
ssdread	51090
ssdread	51111
ssdread	50418
ssdread	50129
ssdread	50643
ssdread	50847
ssdread	47222
ssdread	46791
ssdread	50707
ssdread	50143
ssdread	47095
ssdread	46811
ssdread	47075
ssdread	46196
ssdread	50801
ssdread	50398
ssdread	50414
ssdread	47051
ssdread	46522
ssdread	50131
ssdread	50312
ssdread	47462
ssdread	46908
ssdread	46994
ssdread	46855
ssdread	50329
ssdread	50788
ssdread	46577
ssdread	50062
ssdread	50069
ssdread	46560
ssdread	51089
ssdread	50156
ssdread	50186
ssdread	46659
ssdread	47164
ssdread	49645
ssdread	49816
ssdread	46918
ssdread	50146
ssdread	46951
ssdread	47957
ssdread	47765
ssdread	47917
ssdread	46979
ssdread	46740
ssdread	50033
ssdread	47425
ssdread	47747
ssdread	47158
ssdread	46826
ssdread	49772
ssdread	50500
ssdread	50810
ssdread	50504
ssdread	47405
ssdread	49988
ssdread	50605
ssdread	47208
ssdread	46655
ssdread	46300
ssdread	49849
ssdread	50816
ssdread	49587
ssdread	49812
ssdread	47131
ssdread	50025
ssdread	49985
ssdread	62682
ssdread	63402
ssdread	49828
ssdread	50388
ssdread	49777
ssdread	50439
ssdread	111964
ssdread	64292
ssdread	62478
ssdread	61526
ssdread	55735
ssdread	60643
ssdread	62131
ssdread	52664
ssdread	56464
ssdread	52896
ssdread	52505
ssdread	57158
ssdread	52158
ssdread	66438
ssdread	66300
ssdread	55845
ssdread	56130
ssdread	56159
ssdread	53309
ssdread	52162
ssdread	53292
ssdread	55926
ssdread	54983
ssdread	52847
ssdread	56234
ssdread	56215
ssdread	53766
ssdread	55877
ssdread	56735
ssdread	55513
ssdread	49510
ssdread	48925
ssdread	52790
ssdread	52091
ssdread	65017
ssdread	66140
ssdread	49071
ssdread	53198
ssdread	52529
ssdread	50162
ssdread	52533
ssdread	50177
ssdread	52345
ssdread	52877
ssdread	48872
ssdread	50164
ssdread	46403
ssdread	51283
ssdread	50425
ssdread	50666
ssdread	46208
ssdread	46473
ssdread	50343
ssdread	49641
ssdread	49539
ssdread	49775
ssdread	49410
ssdread	46322
ssdread	46262
ssdread	49881
ssdread	46367
ssdread	47680
ssdread	49695
ssdread	50297
ssdread	49985
ssdread	46227
ssdread	46043
ssdread	50098
ssdread	46123
ssdread	46877
ssdread	46523
ssdread	49864
ssdread	49441
ssdread	49351
ssdread	46146
ssdread	50467
ssdread	45890
ssdread	49663
ssdread	45992
ssdread	49699
ssdread	45946
ssdread	50418
ssdread	50305
ssdread	50254
ssdread	49720
ssdread	50046
ssdread	56377
ssdread	47146
ssdread	46173
ssdread	50184
ssdread	45979
ssdread	50065
ssdread	46212
ssdread	49782
ssdread	46809
ssdread	47172
ssdread	45697
ssdread	47106
ssdread	45861
ssdread	46417
ssdread	46335
ssdread	50166
ssdread	49809
ssdread	46795
ssdread	49607
ssdread	46556
ssdread	45710
ssdread	49753
ssdread	49431
ssdread	51221
ssdread	49526
ssdread	50004
ssdread	46185
ssdread	50205
ssdread	49364
ssdread	47401
ssdread	46193
ssdread	50032
ssdread	55720
ssdread	49210
ssdread	50283
ssdread	46224
ssdread	49809
ssdread	50073
ssdread	50424
ssdread	47007
ssdread	46984
ssdread	49543
ssdread	50592
ssdread	46089
ssdread	46657
ssdread	49220
ssdread	46914
ssdread	46386
ssdread	46874
ssdread	46143
ssdread	46742
ssdread	46629
ssdread	50223
ssdread	49590
ssdread	50057
ssdread	57522
ssdread	50016
ssdread	47443
ssdread	46615
ssdread	46309
ssdread	46853
ssdread	49753
ssdread	49921
ssdread	49089
ssdread	60825
ssdread	62607
ssdread	49416
ssdread	46813
ssdread	49467
ssdread	49964
ssdread	46355
ssdread	46831
ssdread	45559
ssdread	47223
ssdread	49651
ssdread	46857
ssdread	46204
ssdread	50983
ssdread	47203
ssdread	46414
ssdread	45920
ssdread	46990
ssdread	45969
ssdread	46375
ssdread	49687
ssdread	49904
ssdread	49565
ssdread	61844
ssdread	49994
ssdread	46129
ssdread	50150
ssdread	45824
ssdread	50463
ssdread	45652
ssdread	46412
ssdread	49287
ssdread	46938
ssdread	49589
ssdread	47111
ssdread	49300
ssdread	47187
ssdread	49496
ssdread	50428
ssdread	49498
ssdread	46554
ssdread	49343
ssdread	50291
ssdread	49285
ssdread	46700
ssdread	49700
ssdread	50404
ssdread	49276
ssdread	50418
ssdread	49402
ssdread	46742
ssdread	49312
ssdread	50025
ssdread	46298
ssdread	51106
ssdread	46311
ssdread	50198
ssdread	49557
ssdread	46848
ssdread	45715
ssdread	50292
ssdread	46409
ssdread	50193
ssdread	49793
ssdread	50342
ssdread	49178
ssdread	46812
ssdread	46284
ssdread	46408
ssdread	49558
ssdread	46913
ssdread	46915
ssdread	46863
ssdread	49333
ssdread	46732
ssdread	50126
ssdread	50195
ssdread	46011
ssdread	50163
ssdread	46066
ssdread	46452
ssdread	45575
ssdread	46811
ssdread	49085
ssdread	50027
ssdread	45819
ssdread	46540
ssdread	46111
ssdread	50218
ssdread	49892
ssdread	54823
ssdread	50308
ssdread	46620
ssdread	49809
ssdread	50514
ssdread	50590
ssdread	46111
ssdread	50210
ssdread	46834
ssdread	49494
ssdread	46571
ssdread	46426
ssdread	45949
ssdread	46973
ssdread	49738
ssdread	47658
ssdread	46000
ssdread	46667
ssdread	49318
ssdread	47686
ssdread	49363
ssdread	47477
ssdread	49518
ssdread	50193
ssdread	45775
ssdread	46404
ssdread	52014
ssdread	48206
ssdread	59566
ssdread	55855
ssdread	54173
ssdread	63629
ssdread	61510
ssdread	62437
ssdread	61568
ssdread	59257
ssdread	55060
ssdread	54654
ssdread	52461
ssdread	53417
ssdread	52688
ssdread	56291
ssdread	56334
ssdread	53275
ssdread	55746
ssdread	56123
ssdread	52010
ssdread	52607
ssdread	55468
ssdread	52959
ssdread	55648
ssdread	56304
ssdread	55595
ssdread	52886
ssdread	52607
ssdread	52749
ssdread	52428
ssdread	64251
ssdread	65673
ssdread	52697
ssdread	52917
ssdread	51957
ssdread	50465
ssdread	49564
ssdread	49645
ssdread	51848
ssdread	49723
ssdread	51911
ssdread	52874
ssdread	52123
ssdread	49802
ssdread	51894
ssdread	53072
ssdread	49173
ssdread	48878
ssdread	49010
ssdread	65400
ssdread	63003
ssdread	46487
ssdread	46452
ssdread	45990
ssdread	49975
ssdread	49786
ssdread	46461
ssdread	45607
ssdread	50264
ssdread	49645
ssdread	49859
ssdread	49434
ssdread	46753
ssdread	46332
ssdread	49961
ssdread	46693
ssdread	49878
ssdread	49616
ssdread	49599
ssdread	46161
ssdread	49623
ssdread	46811
ssdread	50812
ssdread	50176
ssdread	49768
ssdread	46987
ssdread	49987
ssdread	49401
ssdread	47263
ssdread	49343
ssdread	50785
ssdread	49660
ssdread	46664
ssdread	49006
ssdread	46731
ssdread	45479
ssdread	47221
ssdread	49501
ssdread	46488
ssdread	49061
ssdread	50698
ssdread	46045
ssdread	46312
ssdread	46382
ssdread	50121
ssdread	49805
ssdread	50515
ssdread	50014
ssdread	46951
ssdread	50142
ssdread	46488
ssdread	49393
ssdread	49765
ssdread	49717
ssdread	46291
ssdread	46304
ssdread	61312
ssdread	60050
ssdread	49575
ssdread	50078
ssdread	49935
ssdread	50255
ssdread	45682
ssdread	59971
ssdread	46337
ssdread	49404
ssdread	54340
ssdread	46899
ssdread	50141
ssdread	49755
ssdread	47302
ssdread	46060
ssdread	46745
ssdread	46275
ssdread	50383
ssdread	49936
ssdread	47350
ssdread	45900
ssdread	50034
ssdread	45550
ssdread	46091
ssdread	61667
ssdread	59677
ssdread	50422
ssdread	46947
ssdread	50044
ssdread	49327
ssdread	50342
ssdread	46517
ssdread	46476
ssdread	46270
ssdread	50290
ssdread	46576
ssdread	49802
ssdread	49727
ssdread	46892
ssdread	46018
ssdread	55310
ssdread	49552
ssdread	45720
ssdread	46011
ssdread	45652
ssdread	46819
ssdread	45562
ssdread	49457
ssdread	49640
ssdread	49990
ssdread	49681
ssdread	45907
ssdread	49679
ssdread	46951
ssdread	49671
ssdread	46910
ssdread	49360
ssdread	46309
ssdread	49416
ssdread	49949
ssdread	45892
ssdread	46612
ssdread	45702
ssdread	49778
ssdread	45728
ssdread	45963
ssdread	49209
ssdread	46588
ssdread	49760
ssdread	46611
ssdread	46079
ssdread	46238
ssdread	45650
ssdread	46105
ssdread	45380
ssdread	46657
ssdread	45305
ssdread	50047
ssdread	46570
ssdread	46056
ssdread	49354
ssdread	46505
ssdread	60889
ssdread	61393
ssdread	46315
ssdread	49029
ssdread	49681
ssdread	49641
ssdread	46872
ssdread	52289
ssdread	46800
ssdread	69022
ssdread	84057
ssdread	62700
ssdread	60795
ssdread	58910
ssdread	69433
ssdread	67061
ssdread	59619
ssdread	52721
ssdread	55854
ssdread	55721
ssdread	64274
ssdread	65292
ssdread	52244
ssdread	52443
ssdread	52262
ssdread	53361
ssdread	52240
ssdread	56289
ssdread	55238
ssdread	52376
ssdread	55752
ssdread	56415
ssdread	52480
ssdread	67609
ssdread	66452
ssdread	52466
ssdread	55317
ssdread	54946
ssdread	55994
ssdread	48600
ssdread	52943
ssdread	64860
ssdread	71096
ssdread	52651
ssdread	49384
ssdread	52509
ssdread	51600
ssdread	49351
ssdread	51995
ssdread	52806
ssdread	51902
ssdread	49088
ssdread	52424
ssdread	64610
ssdread	61702
ssdread	52224
ssdread	49272
ssdread	51887
ssdread	52369
ssdread	52142
ssdread	49397
ssdread	50269
ssdread	49459
ssdread	49288
ssdread	46351
ssdread	49581
ssdread	46371
ssdread	45539
ssdread	58734
ssdread	59566
ssdread	45945
ssdread	49702
ssdread	46512
ssdread	46376
ssdread	49266
ssdread	47017
ssdread	49078
ssdread	49789
ssdread	49528
ssdread	49399
ssdread	49000
ssdread	46105
ssdread	49683
ssdread	50796
ssdread	49738
ssdread	47176
ssdread	45035
ssdread	45921
ssdread	46128
ssdread	46388
ssdread	48982
ssdread	57772
ssdread	58436
ssdread	49918
ssdread	45825
ssdread	46355
ssdread	50015
ssdread	46197
ssdread	48889
ssdread	49971
ssdread	49237
ssdread	49316
ssdread	49976
ssdread	46985
ssdread	49468
ssdread	46433
ssdread	50390
ssdread	49892
ssdread	49347
ssdread	46330
ssdread	49063
ssdread	49726
ssdread	49400
ssdread	57015
ssdread	59407
ssdread	50490
ssdread	45696
ssdread	49026
ssdread	46150
ssdread	46220
ssdread	45694
ssdread	50321
ssdread	49600
ssdread	50380
ssdread	49155
ssdread	46376
ssdread	49398
ssdread	46207
ssdread	46007
ssdread	46174
ssdread	49211
ssdread	46624
ssdread	45740
ssdread	49638
ssdread	45497
ssdread	46475
ssdread	49245
ssdread	49881
ssdread	61031
ssdread	59722
ssdread	46490
ssdread	45986
ssdread	45607
ssdread	46001
ssdread	49971
ssdread	61376
ssdread	59170
ssdread	49242
ssdread	46268
ssdread	46111
ssdread	48980
ssdread	50228
ssdread	49131
ssdread	46570
ssdread	49180
ssdread	49903
ssdread	45504
ssdread	46236
ssdread	49214
ssdread	50415
ssdread	49766
ssdread	47019
ssdread	45975
ssdread	46963
ssdread	48816
ssdread	50031
ssdread	45382
ssdread	46720
ssdread	49119
ssdread	50191
ssdread	45707
ssdread	46232
ssdread	45820
ssdread	46049
ssdread	45325
ssdread	50360
ssdread	49510
ssdread	50438
ssdread	49494
ssdread	46821
ssdread	46377
ssdread	50387
ssdread	49964
ssdread	46877
ssdread	49831
ssdread	46364
ssdread	49819
ssdread	46226
ssdread	49045
ssdread	45792
ssdread	49258
ssdread	49862
ssdread	46725
ssdread	46209
ssdread	48717
ssdread	49637
ssdread	49114
ssdread	46831
ssdread	46398
ssdread	62371
ssdread	61988
ssdread	45541
ssdread	49601
ssdread	45390
ssdread	50225
ssdread	46401
ssdread	46128
ssdread	49466
ssdread	50069
ssdread	49210
ssdread	45591
ssdread	46160
ssdread	50089
ssdread	45786
ssdread	46830
ssdread	46241
ssdread	49936
ssdread	48872
ssdread	46445
ssdread	48839
ssdread	49723
ssdread	45484
ssdread	49876
ssdread	45972
ssdread	46732
ssdread	50108
ssdread	49974
ssdread	49047
ssdread	46530
ssdread	49365
ssdread	49806
ssdread	46004
ssdread	46436
ssdread	54213
ssdread	45785
ssdread	46823
ssdread	49262
ssdread	46662
ssdread	48739
ssdread	49326
ssdread	46166
ssdread	46686
ssdread	45449
ssdread	46357
ssdread	49444
ssdread	46577
ssdread	50129
ssdread	47571
ssdread	46228
ssdread	46625
ssdread	45644
ssdread	47103
ssdread	48977
ssdread	46791
ssdread	45863
ssdread	49516
ssdread	45898
ssdread	50565
ssdread	45900
ssdread	50563
ssdread	46428
ssdread	46452
ssdread	49831
ssdread	46469
ssdread	46468
ssdread	47063
ssdread	46422
ssdread	47011
ssdread	49827
ssdread	50324
ssdread	49573
ssdread	49688
ssdread	49672
ssdread	46830
ssdread	49913
ssdread	46612
ssdread	50121
ssdread	178873
ssdread	50180
ssdread	50016
ssdread	55617
ssdread	47020
ssdread	48255
ssdread	57262
ssdread	47226
ssdread	50057
ssdread	50869
ssdread	50206
ssdread	60046
ssdread	60617
ssdread	49222
ssdread	48038
ssdread	111216
ssdread	81691
ssdread	109343
ssdread	65632
ssdread	50278
ssdread	50646
ssdread	51064
ssdread	46989
ssdread	66320
ssdread	68989
ssdread	46984
ssdread	50411
ssdread	50950
ssdread	50081
ssdread	46370
ssdread	49690
ssdread	47304
ssdread	50078
ssdread	47273
ssdread	50788
ssdread	46839
ssdread	46936
ssdread	51076
ssdread	46889
ssdread	47396
ssdread	46488
ssdread	50704
ssdread	47251
ssdread	47054
ssdread	47942
ssdread	53590
ssdread	51943
ssdread	51683
ssdread	50826
ssdread	49734
ssdread	50521
ssdread	47059
ssdread	46497
ssdread	50090
ssdread	46280
ssdread	47862
ssdread	50313
ssdread	47134
ssdread	46517
ssdread	50061
ssdread	50157
ssdread	50372
ssdread	46701
ssdread	46701
ssdread	53912
ssdread	49994
ssdread	49821
ssdread	50470
ssdread	50351
ssdread	50180
ssdread	50429
ssdread	50604
ssdread	50063
ssdread	46936
ssdread	50304
ssdread	47017
ssdread	50163
ssdread	47177
ssdread	46055
ssdread	47442
ssdread	47469
ssdread	49892
ssdread	50077
ssdread	47622
ssdread	45825
ssdread	51149
ssdread	49715
ssdread	50369
ssdread	50166
ssdread	50484
ssdread	49608
ssdread	47181
ssdread	46909
ssdread	46646
ssdread	50294
ssdread	47415
ssdread	50006
ssdread	47557
ssdread	50330
ssdread	50170
ssdread	47348
ssdread	47251
ssdread	50047
ssdread	50171
ssdread	50726
ssdread	51083
ssdread	49819
ssdread	47047
ssdread	50533
ssdread	46835
ssdread	49586
ssdread	50817
ssdread	46618
ssdread	50561
ssdread	49788
ssdread	49842
ssdread	46667
ssdread	46871
ssdread	49817
ssdread	50319
ssdread	49992
ssdread	50148
ssdread	50164
ssdread	50622
ssdread	52195
ssdread	48950
ssdread	46646
ssdread	47066
ssdread	50389
ssdread	50804
ssdread	50731
ssdread	50791
ssdread	50211
ssdread	50335
ssdread	49568
ssdread	47123
ssdread	50293
ssdread	46884
ssdread	46730
ssdread	50522
ssdread	47319
ssdread	47290
ssdread	46507
ssdread	50476
ssdread	50294
ssdread	50223
ssdread	46736
ssdread	50552
ssdread	46609
ssdread	47171
ssdread	46716
ssdread	50136
ssdread	46169
ssdread	50442
ssdread	46538
ssdread	122109
ssdread	57741
ssdread	53458
ssdread	57719
ssdread	55213
ssdread	56383
ssdread	54984
ssdread	56665
ssdread	57844
ssdread	54051
ssdread	57060
ssdread	56306
ssdread	56868
ssdread	55840
ssdread	64733
ssdread	67132
ssdread	55894
ssdread	52874
ssdread	56331
ssdread	52804
ssdread	56132
ssdread	53080
ssdread	56752
ssdread	55695
ssdread	53181
ssdread	54859
ssdread	60259
ssdread	52759
ssdread	52570
ssdread	53027
ssdread	53407
ssdread	52922
ssdread	52927
ssdread	49457
ssdread	52661
ssdread	49866
ssdread	52568
ssdread	49532
ssdread	52717
ssdread	53085
ssdread	52876
ssdread	52782
ssdread	49793
ssdread	52877
ssdread	50285
ssdread	49199
ssdread	53040
ssdread	52496
ssdread	45885
ssdread	46644
ssdread	49427
ssdread	49890
ssdread	50014
ssdread	49500
ssdread	46363
ssdread	46281
ssdread	46805
ssdread	49887
ssdread	49577
ssdread	46678
ssdread	50266
ssdread	46695
ssdread	46260
ssdread	49036
ssdread	46458
ssdread	45957
ssdread	49672
ssdread	46357
ssdread	46023
ssdread	50022
ssdread	49658
ssdread	49268
ssdread	62138
ssdread	62440
ssdread	49549
ssdread	49532
ssdread	46684
ssdread	46099
ssdread	49460
ssdread	57700
ssdread	59956
ssdread	49648
ssdread	46951
ssdread	50314
ssdread	51127
ssdread	50106
ssdread	50062
ssdread	49922
ssdread	47077
ssdread	57987
ssdread	59318
ssdread	49397
ssdread	49677
ssdread	49854
ssdread	45965
ssdread	46034
ssdread	46316
ssdread	49598
ssdread	62240
ssdread	59531
ssdread	49655
ssdread	45960
ssdread	49385
ssdread	46694
ssdread	50559
ssdread	50093
ssdread	46484
ssdread	46023
ssdread	46266
ssdread	46703
ssdread	46369
ssdread	50466
ssdread	49779
ssdread	46618
ssdread	49469
ssdread	49552
ssdread	46370
ssdread	49614
ssdread	46426
ssdread	50046
ssdread	49580
ssdread	49611
ssdread	49381
ssdread	49645
ssdread	49624
ssdread	50582
ssdread	46658
ssdread	46928
ssdread	49572
ssdread	46157
ssdread	50185
ssdread	49696
ssdread	46365
ssdread	45785
ssdread	46211
ssdread	46261
ssdread	49516
ssdread	50049
ssdread	46958
ssdread	46253
ssdread	49909
ssdread	49287
ssdread	46680
ssdread	50417
ssdread	49978
ssdread	50625
ssdread	46392
ssdread	46543
ssdread	46507
ssdread	46511
ssdread	49489
ssdread	49674
ssdread	46773
ssdread	46236
ssdread	46786
ssdread	46959
ssdread	46781
ssdread	49365
ssdread	49794
ssdread	49463
ssdread	50123
ssdread	49616
ssdread	62689
ssdread	61610
ssdread	49735
ssdread	52282
ssdread	48796
ssdread	46332
ssdread	49778
ssdread	50163
ssdread	46628
ssdread	49760
ssdread	49386
ssdread	46346
ssdread	46962
ssdread	48097
ssdread	51182
ssdread	50181
ssdread	49908
ssdread	50494
ssdread	46484
ssdread	95581
ssdread	50327
ssdread	47008
ssdread	60699
ssdread	85389
ssdread	50324
ssdread	46032
ssdread	49478
ssdread	46963
ssdread	47363
ssdread	60874
ssdread	62815
ssdread	51090
ssdread	47881
ssdread	48187
ssdread	51451
ssdread	48504
ssdread	50967
ssdread	48622
ssdread	49855
ssdread	52641
ssdread	50000
ssdread	53076
ssdread	53369
ssdread	53041
ssdread	50335
ssdread	49047
ssdread	53057
ssdread	47611
ssdread	47376
ssdread	50678
ssdread	50377
ssdread	45920
ssdread	46634
ssdread	49845
ssdread	50234
ssdread	50743
ssdread	50005
ssdread	49959
ssdread	47139
ssdread	50278
ssdread	46954
ssdread	50028
ssdread	47539
ssdread	47331
ssdread	47852
ssdread	46305
ssdread	46732
ssdread	49573
ssdread	46351
ssdread	46439
ssdread	49588
ssdread	46834
ssdread	50663
ssdread	47148
ssdread	46582
ssdread	49932
ssdread	46771
ssdread	49786
ssdread	46386
ssdread	49902
ssdread	46648
ssdread	49798
ssdread	49822
ssdread	50169
ssdread	46899
ssdread	49966
ssdread	51089
ssdread	47313
ssdread	47769
ssdread	48012
ssdread	50833
ssdread	51678
ssdread	47213
ssdread	48117
ssdread	50346
ssdread	47347
ssdread	47029
ssdread	50815
ssdread	51603
ssdread	52365
ssdread	49519
ssdread	108860
ssdread	86091
ssdread	86436
ssdread	80190
ssdread	82129
ssdread	52730
ssdread	51601
ssdread	48445
ssdread	48559
ssdread	48696
ssdread	49347
ssdread	51477
ssdread	49659
ssdread	52334
ssdread	49791
ssdread	52957
ssdread	47247
ssdread	47099
ssdread	51113
ssdread	51212
ssdread	50108
ssdread	47262
ssdread	47261
ssdread	46203
ssdread	50148
ssdread	47055
ssdread	49660
ssdread	49942
ssdread	49938
ssdread	46713
ssdread	49738
ssdread	50322
ssdread	50735
ssdread	46612
ssdread	46745
ssdread	50065
ssdread	46860
ssdread	50390
ssdread	51709
ssdread	50495
ssdread	50365
ssdread	50956
ssdread	49928
ssdread	46909
ssdread	48452
ssdread	51635
ssdread	50547
ssdread	51265
ssdread	47982
ssdread	50598
ssdread	47153
ssdread	50316
ssdread	46738
ssdread	46424
ssdread	47062
ssdread	50669
ssdread	47015
ssdread	49799
ssdread	55355
ssdread	48913
ssdread	47494
ssdread	46450
ssdread	46317
ssdread	46475
ssdread	50461
ssdread	50543
ssdread	48325
ssdread	50785
ssdread	50750
ssdread	47833
ssdread	51418
ssdread	50675
ssdread	47092
ssdread	47062
ssdread	50560
ssdread	47309
ssdread	50639
ssdread	47256
ssdread	52406
ssdread	50922
ssdread	50244
ssdread	46528
ssdread	50277
ssdread	49710
ssdread	50069
ssdread	50062
ssdread	50383
ssdread	46664
ssdread	50239
ssdread	47101
ssdread	46913
ssdread	46640
ssdread	49986
ssdread	50414
ssdread	50417
ssdread	47046
ssdread	51198
ssdread	50418
ssdread	47213
ssdread	47447
ssdread	48076
ssdread	47309
ssdread	50420
ssdread	50612
ssdread	46973
ssdread	46828
ssdread	50238
ssdread	49801
ssdread	47102
ssdread	50604
ssdread	47063
ssdread	47417
ssdread	50020
ssdread	51424
ssdread	50148
ssdread	50803
ssdread	50834
ssdread	50514
ssdread	46926
ssdread	1464546
ssdread	92276
ssdread	53304
ssdread	52537
ssdread	52406
ssdread	51240
ssdread	48749
ssdread	51408
ssdread	47685
ssdread	48054
ssdread	47240
ssdread	51845
ssdread	51262
ssdread	51294
ssdread	48534
ssdread	47357
ssdread	51385
ssdread	47673
ssdread	47061
ssdread	48520
ssdread	47925
ssdread	48641
ssdread	52749
ssdread	49260
ssdread	47263
ssdread	49724
ssdread	50527
ssdread	51629
ssdread	48021
ssdread	50818
ssdread	48420
ssdread	47683
ssdread	51123
ssdread	48150
ssdread	48397
ssdread	51074
ssdread	51181
ssdread	51031
ssdread	48813
ssdread	51566
ssdread	51396
ssdread	51409
ssdread	51790
ssdread	48612
ssdread	50905
ssdread	48496
ssdread	52688
ssdread	50788
ssdread	50817
ssdread	50721
ssdread	48168
ssdread	50750
ssdread	51161
ssdread	50898
ssdread	50795
ssdread	47974
ssdread	51010
ssdread	47764
ssdread	50048
ssdread	47909
ssdread	50379
ssdread	47419
ssdread	50532
ssdread	51843
ssdread	48840
ssdread	48550
ssdread	51411
ssdread	47974
ssdread	47061
ssdread	47503
ssdread	51262
ssdread	48244
ssdread	48199
ssdread	47649
ssdread	51513
ssdread	50595
ssdread	47193
ssdread	47268
ssdread	47493
ssdread	46911
ssdread	47321
ssdread	50834
ssdread	53794
ssdread	46810
ssdread	50151
ssdread	47349
ssdread	46654
ssdread	50277
ssdread	50583
ssdread	49883
ssdread	47071
ssdread	47043
ssdread	50731
ssdread	50480
ssdread	46969
ssdread	47153
ssdread	49561
ssdread	50486
ssdread	46638
ssdread	50100
ssdread	50505
ssdread	46982
ssdread	47342
ssdread	47168
ssdread	50361
ssdread	47479
ssdread	48352
ssdread	49987
ssdread	62057
ssdread	63690
ssdread	50495
ssdread	50492
ssdread	50271
ssdread	46350
ssdread	50291
ssdread	50004
ssdread	46670
ssdread	46544
ssdread	50968
ssdread	47051
ssdread	50182
ssdread	51486
ssdread	59792
ssdread	50627
ssdread	50328
ssdread	50368
ssdread	50123
ssdread	46439
ssdread	50051
ssdread	47233
ssdread	51004
ssdread	51993
ssdread	51510
ssdread	50385
ssdread	50318
ssdread	46642
ssdread	47057
ssdread	47404
ssdread	63191
ssdread	61899
ssdread	49895
ssdread	50865
ssdread	50388
ssdread	49730
ssdread	49746
ssdread	46770
ssdread	46378
ssdread	50073
ssdread	46481
ssdread	46401
ssdread	46470
ssdread	51417
ssdread	50250
ssdread	49855
ssdread	47107
ssdread	47222
ssdread	48294
ssdread	46633
ssdread	47385
ssdread	47283
ssdread	50820
ssdread	51290
ssdread	50931
ssdread	46493
ssdread	46935
ssdread	50167
ssdread	46556
ssdread	50194
ssdread	47007
ssdread	47078
ssdread	46375
ssdread	50915
ssdread	58223
ssdread	50530
ssdread	50509
ssdread	49732
ssdread	46805
ssdread	46984
ssdread	46535
ssdread	46985
ssdread	50214
ssdread	50423
ssdread	50334
ssdread	46735
ssdread	49590
ssdread	46805
ssdread	46018
ssdread	46037
ssdread	50694
ssdread	50229
ssdread	50531
ssdread	47099
ssdread	46638
ssdread	46048
ssdread	46705
ssdread	46506
ssdread	46683
ssdread	50938
ssdread	51174
ssdread	46783
ssdread	46573
ssdread	49888
ssdread	49769
ssdread	49814
ssdread	49747
ssdread	46857
ssdread	46419
ssdread	46134
ssdread	46568
ssdread	49710
ssdread	47228
ssdread	49473
ssdread	50407
ssdread	46573
ssdread	47046
ssdread	46760
ssdread	46591
ssdread	46851
ssdread	46818
ssdread	46139
ssdread	46496
ssdread	51099
ssdread	46380
ssdread	46738
ssdread	50118
ssdread	46641
ssdread	49533
ssdread	46432
ssdread	45922
ssdread	46108
ssdread	50805
ssdread	50282
ssdread	50046
ssdread	46663
ssdread	46662
ssdread	47447
ssdread	50429
ssdread	50175
ssdread	46956
ssdread	50595
ssdread	58581
ssdread	50715
ssdread	49989
ssdread	50557
ssdread	50328
ssdread	46311
ssdread	47104
ssdread	46685
ssdread	50829
ssdread	58979
ssdread	71243
ssdread	51964
ssdread	55452
ssdread	49470
ssdread	47221
ssdread	50793
ssdread	46870
ssdread	46868
ssdread	50596
ssdread	47911
ssdread	47832
ssdread	50391
ssdread	50114
ssdread	50317
ssdread	46298
ssdread	47178
ssdread	46408
ssdread	47577
ssdread	47068
ssdread	50378
ssdread	46534
ssdread	47316
ssdread	50542
ssdread	47497
ssdread	51156
ssdread	50461
ssdread	50051
ssdread	47826
ssdread	47454
ssdread	48012
ssdread	47089
ssdread	50301
ssdread	46882
ssdread	50501
ssdread	47444
ssdread	50919
ssdread	48046
ssdread	47193
ssdread	50822
ssdread	50082
ssdread	50438
ssdread	50652
ssdread	51498
ssdread	47607
ssdread	50824
ssdread	47407
ssdread	50159
ssdread	46600
ssdread	49692
ssdread	47669
ssdread	49439
ssdread	49983
ssdread	62518
ssdread	58857
ssdread	49917
ssdread	47149
ssdread	46367
ssdread	46073
ssdread	50655
ssdread	46398
ssdread	47637
ssdread	49714
ssdread	49434
ssdread	46344
ssdread	46303
ssdread	49940
ssdread	84676
ssdread	51511
ssdread	46750
ssdread	50875
ssdread	49786
ssdread	50145
ssdread	50421
ssdread	46249
ssdread	45898
ssdread	49983
ssdread	46477
ssdread	46566
ssdread	46656
ssdread	50094
ssdread	46511
ssdread	50092
ssdread	49458
ssdread	47100
ssdread	46628
ssdread	50251
ssdread	46461
ssdread	50903
ssdread	47067
ssdread	46975
ssdread	49702
ssdread	50280
ssdread	50411
ssdread	50065
ssdread	49803
ssdread	50284
ssdread	49419
ssdread	50645
ssdread	50366
ssdread	50086
ssdread	50163
ssdread	50638
ssdread	49740
ssdread	46284
ssdread	50118
ssdread	50799
ssdread	46060
ssdread	46547
ssdread	50022
ssdread	46825
ssdread	50124
ssdread	46981
ssdread	46159
ssdread	50100
ssdread	46645
ssdread	46883
ssdread	46488
ssdread	46561
ssdread	49711
ssdread	50058
ssdread	46836
ssdread	50358
ssdread	49822
ssdread	47601
ssdread	46973
ssdread	47457
ssdread	49352
ssdread	46470
ssdread	46216
ssdread	50784
ssdread	50018
ssdread	46421
ssdread	54632
ssdread	49396
ssdread	46436
ssdread	46689
ssdread	46487
ssdread	46700
ssdread	46771
ssdread	49983
ssdread	49775
ssdread	49628
ssdread	46350
ssdread	49978
ssdread	46729
ssdread	52715
ssdread	51271
ssdread	50836
ssdread	45996
ssdread	47480
ssdread	46622
ssdread	50362
ssdread	45896
ssdread	46224
ssdread	46247
ssdread	50208
ssdread	49962
ssdread	49866
ssdread	49296
ssdread	46601
ssdread	45947
ssdread	49647
ssdread	46101
ssdread	49575
ssdread	50244
ssdread	46382
ssdread	46318
ssdread	50315
ssdread	49902
ssdread	50129
ssdread	49524
ssdread	49524
ssdread	50302
ssdread	49475
ssdread	49680
ssdread	46244
ssdread	46407
ssdread	46533
ssdread	46028
ssdread	46636
ssdread	49003
ssdread	49239
ssdread	49789
ssdread	46164
ssdread	50828
ssdread	49670
ssdread	49997
ssdread	50168
ssdread	46623
ssdread	46637
ssdread	46321
ssdread	50037
ssdread	51060
ssdread	49701
ssdread	53389
ssdread	55673
ssdread	53217
ssdread	52276
ssdread	51379
ssdread	59994
ssdread	53568
ssdread	48929
ssdread	47364
ssdread	47554
ssdread	47994
ssdread	47067
ssdread	53678
ssdread	48250
ssdread	51070
ssdread	47099
ssdread	47379
ssdread	46225
ssdread	46838
ssdread	46190
ssdread	46593
ssdread	50475
ssdread	51128
ssdread	49438
ssdread	48013
ssdread	50883
ssdread	51996
ssdread	46863
ssdread	50741
ssdread	46939
ssdread	50270
ssdread	50373
ssdread	47526
ssdread	51417
ssdread	50742
ssdread	49809
ssdread	47173
ssdread	50484
ssdread	50504
ssdread	50698
ssdread	50798
ssdread	46837
ssdread	48721
ssdread	50749
ssdread	47125
ssdread	50356
ssdread	47869
ssdread	49963
ssdread	46100
ssdread	46279
ssdread	49419
ssdread	49822
ssdread	49402
ssdread	50562
ssdread	46964
ssdread	46904
ssdread	50061
ssdread	46854
ssdread	46296
ssdread	45877
ssdread	50498
ssdread	46325
ssdread	50321
ssdread	49132
ssdread	49905
ssdread	46454
ssdread	46727
ssdread	47432
ssdread	49552
ssdread	50080
ssdread	47194
ssdread	52810
ssdread	47957
ssdread	46484
ssdread	51165
ssdread	51290
ssdread	46914
ssdread	55129
ssdread	49733
ssdread	47507
ssdread	46432
ssdread	49621
ssdread	46175
ssdread	46722
ssdread	50212
ssdread	46339
ssdread	58781
ssdread	55521
ssdread	50970
ssdread	46715
ssdread	47011
ssdread	50823
ssdread	50267
ssdread	50231
ssdread	49831
ssdread	50022
ssdread	50292
ssdread	50482
ssdread	47016
ssdread	46700
ssdread	49930
ssdread	49422
ssdread	46969
ssdread	49696
ssdread	46518
ssdread	49760
ssdread	55251
ssdread	46218
ssdread	49586
ssdread	46424
ssdread	49859
ssdread	54359
ssdread	60564
ssdread	50000
ssdread	47022
ssdread	52354
ssdread	47311
ssdread	50297
ssdread	49407
ssdread	50114
ssdread	49779
ssdread	49563
ssdread	46574
ssdread	49780
ssdread	47119
ssdread	46539
ssdread	49511
ssdread	49406
ssdread	46302
ssdread	46607
ssdread	49590
ssdread	46245
ssdread	49491
ssdread	49470
ssdread	62357
ssdread	66028
ssdread	50852
ssdread	50709
ssdread	50631
ssdread	49653
ssdread	46978
ssdread	46791
ssdread	49682
ssdread	49921
ssdread	46763
ssdread	55524
ssdread	45859
ssdread	49926
ssdread	50196
ssdread	50223
ssdread	49408
ssdread	50315
ssdread	49922
ssdread	50505
ssdread	50577
ssdread	50356
ssdread	49846
ssdread	58003
ssdread	65008
ssdread	49817
ssdread	50384
ssdread	47027
ssdread	49824
ssdread	49756
ssdread	50263
ssdread	49587
ssdread	46753
ssdread	49769
ssdread	46709
ssdread	49903
ssdread	51928
ssdread	50613
ssdread	52889
ssdread	53976
ssdread	47849
ssdread	50491
ssdread	46276
ssdread	46187
ssdread	49778
ssdread	49789
ssdread	46490
ssdread	49644
ssdread	45995
ssdread	49684
ssdread	46079
ssdread	50350
ssdread	49544
ssdread	46067
ssdread	50278
ssdread	59529
ssdread	46379
ssdread	50457
ssdread	47173
ssdread	47954
ssdread	59973
ssdread	52640
ssdread	52564
ssdread	47364
ssdread	47098
ssdread	47901
ssdread	53830
ssdread	47261
ssdread	50197
ssdread	47169
ssdread	49845
ssdread	46846
ssdread	46359
ssdread	46931
ssdread	50149
ssdread	49901
ssdread	50521
ssdread	50673
ssdread	46447
ssdread	47238
ssdread	51252
ssdread	47660
ssdread	50057
ssdread	46595
ssdread	46650
ssdread	50454
ssdread	46304
ssdread	50424
ssdread	46844
ssdread	47503
ssdread	50194
ssdread	46914
ssdread	46889
ssdread	50125
ssdread	47094
ssdread	46720
ssdread	50241
ssdread	46583
ssdread	50174
ssdread	52698
ssdread	47734
ssdread	47351
ssdread	51219
ssdread	50425
ssdread	50252
ssdread	50076
ssdread	50623
ssdread	46433
ssdread	47588
ssdread	50125
ssdread	46945
ssdread	50071
ssdread	50185
ssdread	50440
ssdread	58800
ssdread	60101
ssdread	46961
ssdread	50811
ssdread	50056
ssdread	50726
ssdread	47743
ssdread	50014
ssdread	51258
ssdread	49751
ssdread	46920
ssdread	46288
ssdread	46551
ssdread	50359
ssdread	50559
ssdread	49904
ssdread	62226
ssdread	63474
ssdread	47602
ssdread	50360
ssdread	49798
ssdread	51250
ssdread	50304
ssdread	50356
ssdread	46538
ssdread	50442
ssdread	50391
ssdread	50384
ssdread	46474
ssdread	46475
ssdread	49554
ssdread	50445
ssdread	47081
ssdread	46913
ssdread	50408
ssdread	46905
ssdread	46896
ssdread	50413
ssdread	46488
ssdread	50054
ssdread	46862
ssdread	46739
ssdread	49563
ssdread	49825
ssdread	49687
ssdread	52767
ssdread	54548
ssdread	46696
ssdread	46753
ssdread	50254
ssdread	46890
ssdread	46805
ssdread	49863
ssdread	50374
ssdread	50236
ssdread	46806
ssdread	46154
ssdread	49831
ssdread	49749
ssdread	49760
ssdread	46778
ssdread	46958
ssdread	47449
ssdread	46606
ssdread	50413
ssdread	46935
ssdread	50220
ssdread	50075
ssdread	47092
ssdread	50786
ssdread	46829
ssdread	47029
ssdread	46420
ssdread	50848
ssdread	49889
ssdread	50054
ssdread	46873
ssdread	50062
ssdread	50349
ssdread	50489
ssdread	46593
ssdread	50039
ssdread	50114
ssdread	50172
ssdread	47114
ssdread	47102
ssdread	54840
ssdread	53739
ssdread	46431
ssdread	47007
ssdread	47829
ssdread	49910
ssdread	46693
ssdread	46782
ssdread	46963
ssdread	49692
ssdread	50409
ssdread	47117
ssdread	47040
ssdread	46742
ssdread	46724
ssdread	46282
ssdread	51055
ssdread	50713
ssdread	50139
ssdread	49649
ssdread	47107
ssdread	157762
ssdread	55384
ssdread	53210
ssdread	54731
ssdread	52211
ssdread	53730
ssdread	68271
ssdread	70669
ssdread	56722
ssdread	56102
ssdread	56798
ssdread	52504
ssdread	52620
ssdread	57154
ssdread	53796
ssdread	55741
ssdread	53078
ssdread	52652
ssdread	53005
ssdread	56480
ssdread	56318
ssdread	53340
ssdread	56462
ssdread	52556
ssdread	53723
ssdread	60420
ssdread	59576
ssdread	52820
ssdread	52930
ssdread	68529
ssdread	66444
ssdread	53385
ssdread	52328
ssdread	191635
ssdread	54146
ssdread	51478
ssdread	49904
ssdread	52706
ssdread	49250
ssdread	48882
ssdread	52571
ssdread	49926
ssdread	50546
ssdread	49442
ssdread	63923
ssdread	64449
ssdread	49664
ssdread	49533
ssdread	50444
ssdread	49476
ssdread	47413
ssdread	49738
ssdread	46959
ssdread	46533
ssdread	47400
ssdread	50593
ssdread	46698
ssdread	46401
ssdread	46641
ssdread	46779
ssdread	50396
ssdread	46487
ssdread	50679
ssdread	50177
ssdread	49946
ssdread	50017
ssdread	50350
ssdread	46670
ssdread	46849
ssdread	49362
ssdread	47754
ssdread	46617
ssdread	47504
ssdread	49610
ssdread	50503
ssdread	49952
ssdread	50524
ssdread	46474
ssdread	50182
ssdread	49907
ssdread	46828
ssdread	49672
ssdread	50672
ssdread	46376
ssdread	50220
ssdread	50006
ssdread	50737
ssdread	46829
ssdread	50343
ssdread	49545
ssdread	49977
ssdread	46722
ssdread	46872
ssdread	46790
ssdread	50912
ssdread	50020
ssdread	51156
ssdread	49192
ssdread	46535
ssdread	49951
ssdread	50265
ssdread	49268
ssdread	49620
ssdread	46736
ssdread	45928
ssdread	49847
ssdread	49809
ssdread	49617
ssdread	46599
ssdread	49504
ssdread	50020
ssdread	48582
ssdread	46338
ssdread	50142
ssdread	46239
ssdread	46438
ssdread	46661
ssdread	50242
ssdread	46981
ssdread	49978
ssdread	46783
ssdread	46635
ssdread	46088
ssdread	46139
ssdread	49831
ssdread	46809
ssdread	50322
ssdread	49655
ssdread	50237
ssdread	49350
ssdread	49673
ssdread	50211
ssdread	47168
ssdread	46523
ssdread	50638
ssdread	49846
ssdread	50311
ssdread	49928
ssdread	50135
ssdread	50288
ssdread	46801
ssdread	46868
ssdread	46837
ssdread	49351
ssdread	46321
ssdread	49863
ssdread	50164
ssdread	46999
ssdread	49559
ssdread	46093
ssdread	46483
ssdread	49854
ssdread	49400
ssdread	46517
ssdread	46008
ssdread	46338
ssdread	50250
ssdread	49163
ssdread	46691
ssdread	46457
ssdread	46482
ssdread	46063
ssdread	46213
ssdread	49762
ssdread	46387
ssdread	49776
ssdread	46579
ssdread	46331
ssdread	46265
ssdread	46230
ssdread	46697
ssdread	46030
ssdread	46406
ssdread	46822
ssdread	50097
ssdread	49883
ssdread	46820
ssdread	46465
ssdread	47261
ssdread	46456
ssdread	47029
ssdread	49739
ssdread	46523
ssdread	46241
ssdread	82297
ssdread	61225
ssdread	50470
ssdread	50787
ssdread	46927
ssdread	50492
ssdread	50104
ssdread	47008
ssdread	46903
ssdread	50140
ssdread	48621
ssdread	50604
ssdread	50729
ssdread	47468
ssdread	49940
ssdread	50496
ssdread	49563
ssdread	50329
ssdread	49301
ssdread	46204
ssdread	50458
ssdread	50070
ssdread	50169
ssdread	49558
ssdread	45686
ssdread	49909
ssdread	49360
ssdread	50481
ssdread	49894
ssdread	50786
ssdread	50211
ssdread	50447
ssdread	46939
ssdread	46310
ssdread	45981
ssdread	49745
ssdread	46484
ssdread	50009
ssdread	49958
ssdread	50588
ssdread	49740
ssdread	45969
ssdread	46270
ssdread	49989
ssdread	49950
ssdread	46806
ssdread	46526
ssdread	50840
ssdread	46676
ssdread	49945
ssdread	50568
ssdread	47498
ssdread	45541
ssdread	49581
ssdread	46384
ssdread	46324
ssdread	46199
ssdread	46496
ssdread	49676
ssdread	49413
ssdread	46645
ssdread	46057
ssdread	50099
ssdread	46381
ssdread	45975
ssdread	46381
ssdread	46383
ssdread	46890
ssdread	61853
ssdread	64406
ssdread	47180
ssdread	50573
ssdread	46518
ssdread	49823
ssdread	46532
ssdread	49867
ssdread	49784
ssdread	68159
ssdread	54258
ssdread	54995
ssdread	54216
ssdread	52922
ssdread	64945
ssdread	66503
ssdread	56858
ssdread	57204
ssdread	52983
ssdread	55911
ssdread	67658
ssdread	84762
ssdread	52893
ssdread	52637
ssdread	56395
ssdread	52453
ssdread	53260
ssdread	52781
ssdread	55836
ssdread	53017
ssdread	56385
ssdread	55965
ssdread	55806
ssdread	53598
ssdread	56082
ssdread	52688
ssdread	56237
ssdread	55700
ssdread	77199
ssdread	71585
ssdread	49292
ssdread	50708
ssdread	49224
ssdread	53190
ssdread	52293
ssdread	52600
ssdread	49371
ssdread	49301
ssdread	53054
ssdread	49407
ssdread	48958
ssdread	53033
ssdread	52874
ssdread	52720
ssdread	52796
ssdread	52880
ssdread	49195
ssdread	52518
ssdread	52752
ssdread	46540
ssdread	50632
ssdread	46765
ssdread	46019
ssdread	50351
ssdread	46124
ssdread	50433
ssdread	52600
ssdread	51200
ssdread	46820
ssdread	49731
ssdread	52665
ssdread	49878
ssdread	46233
ssdread	46864
ssdread	46170
ssdread	49494
ssdread	46547
ssdread	50561
ssdread	50116
ssdread	46832
ssdread	46980
ssdread	47211
ssdread	49684
ssdread	62024
ssdread	64879
ssdread	49698
ssdread	49753
ssdread	50031
ssdread	49702
ssdread	49697
ssdread	46390
ssdread	50301
ssdread	46909
ssdread	46917
ssdread	49282
ssdread	49906
ssdread	50627
ssdread	47011
ssdread	46635
ssdread	45969
ssdread	49739
ssdread	49719
ssdread	49580
ssdread	46888
ssdread	50662
ssdread	49532
ssdread	47194
ssdread	46886
ssdread	46948
ssdread	46317
ssdread	46328
ssdread	50093
ssdread	46846
ssdread	46619
ssdread	46258
ssdread	46556
ssdread	46272
ssdread	46277
ssdread	47087
ssdread	49718
ssdread	45911
ssdread	45935
ssdread	49715
ssdread	49617
ssdread	61418
ssdread	59543
ssdread	46848
ssdread	49699
ssdread	49722
ssdread	49749
ssdread	46673
ssdread	49778
ssdread	46857
ssdread	49855
ssdread	46196
ssdread	49831
ssdread	46164
ssdread	49787
ssdread	46817
ssdread	46703
ssdread	47032
ssdread	50075
ssdread	46607
ssdread	50040
ssdread	49594
ssdread	45681
ssdread	46407
ssdread	49754
ssdread	49555
ssdread	46682
ssdread	50541
ssdread	46507
ssdread	50367
ssdread	49666
ssdread	46614
ssdread	49849
ssdread	49863
ssdread	50315
ssdread	50249
ssdread	50086
ssdread	46406
ssdread	46332
ssdread	50093
ssdread	51466
ssdread	46346
ssdread	46651
ssdread	46715
ssdread	49937
ssdread	49772
ssdread	46401
ssdread	49966
ssdread	46803
ssdread	46266
ssdread	46084
ssdread	46343
ssdread	50300
ssdread	49712
ssdread	46065
ssdread	49809
ssdread	46598
ssdread	46463
ssdread	46380
ssdread	46423
ssdread	47523
ssdread	46219
ssdread	49725
ssdread	46295
ssdread	46449
ssdread	49792
ssdread	49925
ssdread	50354
ssdread	50365
ssdread	50262
ssdread	45765
ssdread	46913
ssdread	46291
ssdread	45697
ssdread	46705
ssdread	49529
ssdread	46777
ssdread	48642
ssdread	49188
ssdread	46252
ssdread	46034
ssdread	49021
ssdread	46025
ssdread	49166
ssdread	46625
ssdread	49433
ssdread	49615
ssdread	49524
ssdread	49793
ssdread	45903
ssdread	49451
ssdread	49110
ssdread	49500
ssdread	45214
ssdread	49644
ssdread	46094
ssdread	46770
ssdread	45714
ssdread	48223
ssdread	49398
ssdread	50010
ssdread	46461
ssdread	49964
ssdread	45307
ssdread	49901
ssdread	49147
ssdread	48901
ssdread	49722
ssdread	49204
ssdread	49635
ssdread	49578
ssdread	119263
ssdread	50226
ssdread	44938
ssdread	47016
ssdread	49306
ssdread	46655
ssdread	45641
ssdread	51171
ssdread	45835
ssdread	50084
ssdread	51549
ssdread	49980
ssdread	49165
ssdread	46545
ssdread	45882
ssdread	49789
ssdread	48937
ssdread	46179
ssdread	45168
ssdread	49440
ssdread	49065
ssdread	46161
ssdread	49539
ssdread	49759
ssdread	58063
ssdread	58830
ssdread	49835
ssdread	46679
ssdread	49754
ssdread	49333
ssdread	50104
ssdread	48939
ssdread	50089
ssdread	49337
ssdread	45948
ssdread	46615
ssdread	49278
ssdread	48975
ssdread	46537
ssdread	49590
ssdread	46124
ssdread	49053
ssdread	49472
ssdread	49061
ssdread	46703
ssdread	46170
ssdread	45834
ssdread	48300
ssdread	46760
ssdread	49219
ssdread	49567
ssdread	45679
ssdread	46432
ssdread	49381
ssdread	49753
ssdread	46957
ssdread	46042
ssdread	49732
ssdread	49566
ssdread	45637
ssdread	50020
ssdread	49167
ssdread	46513
ssdread	45598
ssdread	49629
ssdread	45687
ssdread	46515
ssdread	46115
ssdread	47713
ssdread	49733
ssdread	50466
ssdread	49632
ssdread	46728
ssdread	49703
ssdread	49828
ssdread	49210
ssdread	47043
ssdread	49318
ssdread	50580
ssdread	46352
ssdread	47271
ssdread	49235
ssdread	46888
ssdread	46784
ssdread	49987
ssdread	45976
ssdread	47075
ssdread	50488
ssdread	50412
ssdread	49905
ssdread	47524
ssdread	46056
ssdread	46402
ssdread	58248
ssdread	50841
ssdread	50113
ssdread	46850
ssdread	49887
ssdread	50718
ssdread	49763
ssdread	53791
ssdread	46370
ssdread	50521
ssdread	50092
ssdread	47615
ssdread	46763
ssdread	47795
ssdread	50009
ssdread	46762
ssdread	46942
ssdread	47695
ssdread	50627
ssdread	50520
ssdread	50609
ssdread	49958
ssdread	46822
ssdread	51149
ssdread	46522
ssdread	46673
ssdread	47250
ssdread	47067
ssdread	50350
ssdread	47233
ssdread	47361
ssdread	52933
ssdread	50284
ssdread	51656
ssdread	46123
ssdread	51630
ssdread	51429
ssdread	53901
ssdread	46950
ssdread	47011
ssdread	46864
ssdread	50316
ssdread	60934
ssdread	50334
ssdread	50058
ssdread	50317
ssdread	46539
ssdread	47133
ssdread	50006
ssdread	50431
ssdread	49870
ssdread	50304
ssdread	62681
ssdread	46546
ssdread	47316
ssdread	46845
ssdread	47010
ssdread	45875
ssdread	47153
ssdread	49853
ssdread	47179
ssdread	49293
ssdread	46411
ssdread	46253
ssdread	51452
ssdread	49135
ssdread	51525
ssdread	49936
ssdread	50542
ssdread	49913
ssdread	47576
ssdread	49554
ssdread	50195
ssdread	46337
ssdread	50069
ssdread	46684
ssdread	46824
ssdread	49741
ssdread	47600
ssdread	49745
ssdread	46657
ssdread	49769
ssdread	46620
ssdread	46436
ssdread	50742
ssdread	46278
ssdread	46315
ssdread	50284
ssdread	50462
ssdread	46391
ssdread	50608
ssdread	49701
ssdread	50068
ssdread	49582
ssdread	46761
ssdread	46187
ssdread	49802
ssdread	51416
ssdread	47284
ssdread	49881
ssdread	50116
ssdread	49727
ssdread	46615
ssdread	46834
ssdread	47004
ssdread	50071
ssdread	46264
ssdread	49660
ssdread	50129
ssdread	49733
ssdread	47184
ssdread	46304
ssdread	46523
ssdread	49601
ssdread	47008
ssdread	47195
ssdread	50043
ssdread	49782
ssdread	47705
ssdread	105625
ssdread	81853
ssdread	80605
ssdread	83757
ssdread	85185
ssdread	85195
ssdread	47036
ssdread	50756
ssdread	46975
ssdread	50323
ssdread	46086
ssdread	46992
ssdread	46270
ssdread	47194
ssdread	46998
ssdread	47068
ssdread	46477
ssdread	50060
ssdread	50218
ssdread	50540
ssdread	49842
ssdread	62353
ssdread	63371
ssdread	49860
ssdread	46852
ssdread	46430
ssdread	46164
ssdread	46702
ssdread	46902
ssdread	46936
ssdread	47030
ssdread	49255
ssdread	47052
ssdread	46981
ssdread	54977
ssdread	46779
ssdread	50766
ssdread	45784
ssdread	47084
ssdread	46677
ssdread	50349
ssdread	49619
ssdread	46719
ssdread	46040
ssdread	50151
ssdread	46739
ssdread	50442
ssdread	50520
ssdread	51242
ssdread	49788
ssdread	50133
ssdread	50266
ssdread	50570
ssdread	46581
ssdread	50445
ssdread	51552
ssdread	50721
ssdread	47231
ssdread	46900
ssdread	49702
ssdread	50751
ssdread	45716
ssdread	50143
ssdread	45500
ssdread	46801
ssdread	46539
ssdread	46061
ssdread	47016
ssdread	46844
ssdread	45923
ssdread	50371
ssdread	50545
ssdread	58068
ssdread	62902
ssdread	49788
ssdread	50325
ssdread	47242
ssdread	46679
ssdread	49609
ssdread	46435
ssdread	50364
ssdread	50376
ssdread	46230
ssdread	50099
ssdread	49474
ssdread	50663
ssdread	49594
ssdread	46601
ssdread	46224
ssdread	46354
ssdread	49369
ssdread	46502
ssdread	46362
ssdread	50282
ssdread	46482
ssdread	50166
ssdread	49738
ssdread	46691
ssdread	46342
ssdread	46817
ssdread	51817
ssdread	46873
ssdread	49622
ssdread	46219
ssdread	49575
ssdread	46654
ssdread	47231
ssdread	46707
ssdread	49607
ssdread	50436
ssdread	46085
ssdread	50628
ssdread	49468
ssdread	46937
ssdread	49754
ssdread	46711
ssdread	46769
ssdread	46696
ssdread	46420
ssdread	50020
ssdread	46435
ssdread	50179
ssdread	48228
ssdread	50478
ssdread	49530
ssdread	46920
ssdread	50233
ssdread	46928
ssdread	49839
ssdread	47219
ssdread	50021
ssdread	46630
ssdread	46281
ssdread	49987
ssdread	49909
ssdread	47046
ssdread	50145
ssdread	50327
ssdread	51111
ssdread	46959
ssdread	49586
ssdread	47854
ssdread	46561
ssdread	49706
ssdread	46130
ssdread	50351
ssdread	46538
ssdread	46747
ssdread	49854
ssdread	50124
ssdread	49967
ssdread	49795
ssdread	49580
ssdread	46997
ssdread	46361
ssdread	46611
ssdread	46420
ssdread	50166
ssdread	50263
ssdread	46753
ssdread	49608
ssdread	50679
ssdread	46505
ssdread	50076
ssdread	46253
ssdread	49829
ssdread	46322
ssdread	47341
ssdread	46093
ssdread	47419
ssdread	49841
ssdread	47248
ssdread	46744
ssdread	50023
ssdread	46483
ssdread	50267
ssdread	179773
ssdread	54422
ssdread	50596
ssdread	50164
ssdread	51531
ssdread	46939
ssdread	50121
ssdread	47163
ssdread	50198
ssdread	47081
ssdread	51412
ssdread	47363
ssdread	46716
ssdread	50958
ssdread	46592
ssdread	49701
ssdread	46991
ssdread	49899
ssdread	46008
ssdread	50156
ssdread	47163
ssdread	46491
ssdread	46374
ssdread	46301
ssdread	51301
ssdread	49738
ssdread	46413
ssdread	46846
ssdread	46831
ssdread	47291
ssdread	47079
ssdread	49948
ssdread	47076
ssdread	49881
ssdread	50316
ssdread	46082
ssdread	54348
ssdread	46871
ssdread	49716
ssdread	50140
ssdread	46819
ssdread	50515
ssdread	47019
ssdread	49954
ssdread	50246
ssdread	46033
ssdread	49615
ssdread	49671
ssdread	49601
ssdread	46761
ssdread	46783
ssdread	46196
ssdread	46963
ssdread	46900
ssdread	50451
ssdread	49657
ssdread	52864
ssdread	50286
ssdread	49614
ssdread	50150
ssdread	46711
ssdread	46789
ssdread	49273
ssdread	49913
ssdread	50144
ssdread	49678
ssdread	50249
ssdread	50154
ssdread	49557
ssdread	50359
ssdread	49300
ssdread	49966
ssdread	49979
ssdread	50007
ssdread	46350
ssdread	49426
ssdread	46137
ssdread	46806
ssdread	49836
ssdread	46406
ssdread	46464
ssdread	46102
ssdread	46658
ssdread	50038
ssdread	46605
ssdread	50368
ssdread	50201
ssdread	50460
ssdread	50055
ssdread	49914
ssdread	53011
ssdread	49973
ssdread	46427
ssdread	46026
ssdread	49762
ssdread	46480
ssdread	49911
ssdread	46595
ssdread	49870
ssdread	56924
ssdread	47108
ssdread	49464
ssdread	47659
ssdread	52830
ssdread	50174
ssdread	46584
ssdread	47015
ssdread	46210
ssdread	49942
ssdread	50520
ssdread	49718
ssdread	50020
ssdread	49728
ssdread	50082
ssdread	53508
ssdread	47105
ssdread	50424
ssdread	49579
ssdread	47609
ssdread	49933
ssdread	50187
ssdread	46182
ssdread	49766
ssdread	47203
ssdread	47116
ssdread	46556
ssdread	46310
ssdread	50051
ssdread	46334
ssdread	46241
ssdread	50084
ssdread	46017
ssdread	49742
ssdread	49957
ssdread	46773
ssdread	49560
ssdread	46293
ssdread	46774
ssdread	49764
ssdread	46797
ssdread	46608
ssdread	49937
ssdread	49785
ssdread	51540
ssdread	50762
ssdread	49668
ssdread	46092
ssdread	46601
ssdread	46306
ssdread	49628
ssdread	46085
ssdread	50152
ssdread	49632
ssdread	46210
ssdread	46400
ssdread	49929
ssdread	50340
ssdread	46700
ssdread	50230
ssdread	50479
ssdread	46456
ssdread	49681
ssdread	50045
ssdread	47034
ssdread	46440
ssdread	49437
ssdread	49334
ssdread	46574
ssdread	46499
ssdread	50050
ssdread	49415
ssdread	49757
ssdread	49952
ssdread	47317
ssdread	49697
ssdread	46288
ssdread	46822
ssdread	49626
ssdread	50601
ssdread	49696
ssdread	46381
ssdread	49874
ssdread	50064
ssdread	49040
ssdread	46621
ssdread	50875
ssdread	46770
ssdread	49805
ssdread	50064
ssdread	47417
ssdread	46411
ssdread	49850
ssdread	49953
ssdread	46190
ssdread	50798
ssdread	49956
ssdread	46447
ssdread	46295
ssdread	50025
ssdread	46018
ssdread	46394
ssdread	49690
ssdread	46141
ssdread	45967
ssdread	50013
ssdread	49381
ssdread	49726
ssdread	46016
ssdread	49953
ssdread	51549
ssdread	46476
ssdread	46411
ssdread	49944
ssdread	49306
ssdread	45847
ssdread	46727
ssdread	49602
ssdread	61287
ssdread	59392
ssdread	50065
ssdread	47025
ssdread	46603
ssdread	45920
ssdread	45795
ssdread	46473
ssdread	46568
ssdread	50199
ssdread	46910
ssdread	50458
ssdread	46139
ssdread	46674
ssdread	49868
ssdread	50006
ssdread	46425
ssdread	45996
ssdread	46772
ssdread	49531
ssdread	50201
ssdread	49890
ssdread	49905
ssdread	46623
ssdread	46308
ssdread	45723
ssdread	46378
ssdread	50410
ssdread	46863
ssdread	50422
ssdread	46358
ssdread	46739
ssdread	46387
ssdread	49832
ssdread	46756
ssdread	46468
ssdread	50028
ssdread	46812
ssdread	46721
ssdread	49513
ssdread	46756
ssdread	46048
ssdread	49893
ssdread	49599
ssdread	46576
ssdread	50266
ssdread	46334
ssdread	50437
ssdread	50140
ssdread	47061
ssdread	46692
ssdread	46477
ssdread	46873
ssdread	49633
ssdread	49391
ssdread	61071
ssdread	64590
ssdread	49793
ssdread	51146
ssdread	49697
ssdread	46733
ssdread	49594
ssdread	46913
ssdread	49883
ssdread	46649
ssdread	46693
ssdread	49149
ssdread	46151
ssdread	46523
ssdread	49902
ssdread	51259
ssdread	46413
ssdread	46353
ssdread	46884
ssdread	49922
ssdread	50177
ssdread	50207
ssdread	56579
ssdread	50221
ssdread	50406
ssdread	46809
ssdread	49911
ssdread	46711
ssdread	46532
ssdread	50235
ssdread	50745
ssdread	47020
ssdread	50353
ssdread	49572
ssdread	47038
ssdread	52220
ssdread	52295
ssdread	47097
ssdread	48018
ssdread	51314
ssdread	51450
ssdread	55656
ssdread	53088
ssdread	48172
ssdread	52017
ssdread	48971
ssdread	51938
ssdread	49703
ssdread	49968
ssdread	51962
ssdread	50052
ssdread	51385
ssdread	50427
ssdread	50151
ssdread	46902
ssdread	51169
ssdread	47551
ssdread	50337
ssdread	47358
ssdread	50058
ssdread	46796
ssdread	50010
ssdread	46153
ssdread	49867
ssdread	50098
ssdread	52765
ssdread	47324
ssdread	49620
ssdread	47375
ssdread	50104
ssdread	46734
ssdread	50211
ssdread	46943
ssdread	49867
ssdread	50322
ssdread	48543
ssdread	46926
ssdread	50495
ssdread	47248
ssdread	46727
ssdread	50212
ssdread	50317
ssdread	46693
ssdread	50429
ssdread	50292
ssdread	46886
ssdread	49561
ssdread	46475
ssdread	46886
ssdread	46677
ssdread	47701
ssdread	50547
ssdread	50492
ssdread	51620
ssdread	47747
ssdread	47448
ssdread	51238
ssdread	50805
ssdread	50954
ssdread	51051
ssdread	46873
ssdread	47559
ssdread	51494
ssdread	48850
ssdread	49949
ssdread	87824
ssdread	49259
ssdread	48749
ssdread	51261
ssdread	51398
ssdread	51229
ssdread	48369
ssdread	51175
ssdread	51766
ssdread	50563
ssdread	47913
ssdread	50893
ssdread	51675
ssdread	48156
ssdread	49052
ssdread	48672
ssdread	48422
ssdread	51353
ssdread	52134
ssdread	50816
ssdread	48211
ssdread	51392
ssdread	47265
ssdread	50231
ssdread	47330
ssdread	47659
ssdread	50703
ssdread	50285
ssdread	51053
ssdread	46772
ssdread	50776
ssdread	47391
ssdread	49951
ssdread	51450
ssdread	47190
ssdread	50638
ssdread	50436
ssdread	46989
ssdread	50280
ssdread	46954
ssdread	48661
ssdread	47045
ssdread	50768
ssdread	50619
ssdread	50532
ssdread	50280
ssdread	46968
ssdread	46481
ssdread	51301
ssdread	50351
ssdread	52830
ssdread	51994
ssdread	47875
ssdread	49879
ssdread	48119
ssdread	50570
ssdread	50795
ssdread	50312
ssdread	50918
ssdread	46721
ssdread	50472
ssdread	47658
ssdread	46972
ssdread	47478
ssdread	51292
ssdread	49943
ssdread	50676
ssdread	50263
ssdread	50307
ssdread	46801
ssdread	46483
ssdread	50674
ssdread	50707
ssdread	49825
ssdread	49985
ssdread	47042
ssdread	50956
ssdread	46999
ssdread	46401
ssdread	46776
ssdread	50301
ssdread	46487
ssdread	50716
ssdread	50494
ssdread	47559
ssdread	50320
ssdread	60771
ssdread	63352
ssdread	51208
ssdread	51326
ssdread	67478
ssdread	183830
ssdread	115772
ssdread	127351
ssdread	123577
ssdread	88087
ssdread	87408
ssdread	89662
ssdread	51619
ssdread	47217
ssdread	50417
ssdread	47346
ssdread	51178
ssdread	50617
ssdread	46935
ssdread	46801
ssdread	50457
ssdread	469966
ssdread	201911
ssdread	95696
ssdread	91708
ssdread	111978
ssdread	106424
ssdread	98612
ssdread	96291
ssdread	56822
ssdread	51209
ssdread	52638
ssdread	54430
ssdread	54072
ssdread	51618
ssdread	52620
ssdread	53574
ssdread	54996
ssdread	55159
ssdread	56175
ssdread	54075
ssdread	51381
ssdread	53539
ssdread	51802
ssdread	49416
ssdread	48483
ssdread	55166
ssdread	51648
ssdread	51644
ssdread	48239
ssdread	51445
ssdread	62936
ssdread	62472
ssdread	56928
ssdread	49411
ssdread	49595
ssdread	52171
ssdread	48646
ssdread	52176
ssdread	48966
ssdread	48756
ssdread	48535
ssdread	51786
ssdread	52220
ssdread	51254
ssdread	52240
ssdread	73905
ssdread	51486
ssdread	46746
ssdread	50594
ssdread	51413
ssdread	51280
ssdread	47233
ssdread	48907
ssdread	47425
ssdread	51041
ssdread	48144
ssdread	50839
ssdread	46990
ssdread	51009
ssdread	50324
ssdread	48520
ssdread	50829
ssdread	73043
ssdread	51038
ssdread	51040
ssdread	48022
ssdread	51100
ssdread	48067
ssdread	50690
ssdread	51168
ssdread	51009
ssdread	47492
ssdread	50382
ssdread	86320
ssdread	52389
ssdread	46833
ssdread	51119
ssdread	50408
ssdread	51697
ssdread	51019
ssdread	46841
ssdread	47929
ssdread	50797
ssdread	50696
ssdread	50632
ssdread	50902
ssdread	51765
ssdread	46712
ssdread	50575
ssdread	47263
ssdread	47452
ssdread	50820
ssdread	50631
ssdread	50388
ssdread	47423
ssdread	51383
ssdread	51810
ssdread	50609
ssdread	62270
ssdread	66169
ssdread	47036
ssdread	47024
ssdread	47369
ssdread	46733
ssdread	47098
ssdread	47116
ssdread	50986
ssdread	54773
ssdread	47588
ssdread	51185
ssdread	51146
ssdread	50726
ssdread	47296
ssdread	51544
ssdread	47216
ssdread	47679
ssdread	50613
ssdread	46966
ssdread	48338
ssdread	51333
ssdread	47601
ssdread	76622
ssdread	52812
ssdread	47809
ssdread	51570
ssdread	50265
ssdread	51694
ssdread	47629
ssdread	52259
ssdread	51736
ssdread	47626
ssdread	52291
ssdread	47989
ssdread	47818
ssdread	51861
ssdread	50554
ssdread	47736
ssdread	50039
ssdread	47697
ssdread	50728
ssdread	51432
ssdread	46538
ssdread	47323
ssdread	51621
ssdread	54466
ssdread	52525
ssdread	50843
ssdread	46789
ssdread	52720
ssdread	50453
ssdread	48164
ssdread	51237
ssdread	50765
ssdread	51134
ssdread	51042
ssdread	49835
ssdread	50734
ssdread	50928
ssdread	53658
ssdread	46707
ssdread	47147
ssdread	50383
ssdread	52181
ssdread	46597
ssdread	47349
ssdread	47329
ssdread	52646
ssdread	48046
ssdread	48292
ssdread	46897
ssdread	47828
ssdread	49196
ssdread	54059
ssdread	51707
ssdread	50046
ssdread	49159
ssdread	51348
ssdread	48091
ssdread	50642
ssdread	54966
ssdread	50393
ssdread	47682
ssdread	50407
ssdread	59616
ssdread	52160
ssdread	51039
ssdread	47734
ssdread	50188
ssdread	47172
ssdread	47586
ssdread	48411
ssdread	51470
ssdread	47583
ssdread	50270
ssdread	51904
ssdread	50636
ssdread	51749
ssdread	46984
ssdread	47380
ssdread	47122
ssdread	47240
ssdread	47400
ssdread	51073
ssdread	50421
ssdread	78671
ssdread	52613
ssdread	47309
ssdread	51840
ssdread	50730
ssdread	51431
ssdread	47233
ssdread	47213
ssdread	47453
ssdread	47433
ssdread	46719
ssdread	47819
ssdread	47068
ssdread	76049
ssdread	52105
ssdread	50335
ssdread	50283
ssdread	46423
ssdread	50723
ssdread	50044
ssdread	52207
ssdread	50369
ssdread	46561
ssdread	51740
ssdread	84107
ssdread	84086
ssdread	85396
ssdread	77622
ssdread	83587
ssdread	103831
ssdread	90963
ssdread	50826
ssdread	47785
ssdread	51418
ssdread	47409
ssdread	47139
ssdread	50593
ssdread	47352
ssdread	50611
ssdread	46641
ssdread	51023
ssdread	49477
ssdread	47930
ssdread	51881
ssdread	47050
ssdread	50745
ssdread	50644
ssdread	51058
ssdread	52042
ssdread	50547
ssdread	51227
ssdread	47466
ssdread	46982
ssdread	50327
ssdread	51030
ssdread	50200
ssdread	50101
ssdread	47959
ssdread	51032
ssdread	51050
ssdread	47184
ssdread	52490
ssdread	47181
ssdread	47602
ssdread	50434
ssdread	47221
ssdread	50320
ssdread	46665
ssdread	46903
ssdread	49868
ssdread	47275
ssdread	46597
ssdread	51255
ssdread	50572
ssdread	50658
ssdread	46536
ssdread	50327
ssdread	47521
ssdread	50136
ssdread	50035
ssdread	50477
ssdread	46619
ssdread	50705
ssdread	48521
ssdread	46929
ssdread	46964
ssdread	46910
ssdread	50592
ssdread	50671
ssdread	49128
ssdread	50194
ssdread	50106
ssdread	47290
ssdread	49599
ssdread	50419
ssdread	49900
ssdread	46865
ssdread	49582
ssdread	50641
ssdread	51105
ssdread	46774
ssdread	50050
ssdread	50095
ssdread	46795
ssdread	46290
ssdread	50343
ssdread	47142
ssdread	47353
ssdread	50685
ssdread	49919
ssdread	50586
ssdread	47017
ssdread	51103
ssdread	50410
ssdread	49777
ssdread	50238
ssdread	46468
ssdread	50793
ssdread	47373
ssdread	47478
ssdread	47023
ssdread	46634
ssdread	50731
ssdread	46987
ssdread	50430
ssdread	49800
ssdread	46279
ssdread	46171
ssdread	50199
ssdread	51191
ssdread	51307
ssdread	46681
ssdread	50043
ssdread	50166
ssdread	50378
ssdread	50012
ssdread	46643
ssdread	50036
ssdread	49977
ssdread	50062
ssdread	46501
ssdread	49691
ssdread	47146
ssdread	63078
ssdread	54390
ssdread	52207
ssdread	53291
ssdread	54223
ssdread	51679
ssdread	51817
ssdread	52771
ssdread	50242
ssdread	48059
ssdread	48577
ssdread	47828
ssdread	51304
ssdread	51261
ssdread	51151
ssdread	50671
ssdread	47388
ssdread	48540
ssdread	51640
ssdread	53956
ssdread	724270
ssdread	65082
ssdread	49269
ssdread	49634
ssdread	51674
ssdread	55301
ssdread	52634
ssdread	51027
ssdread	51576
ssdread	47398
ssdread	51233
ssdread	66064
ssdread	64541
ssdread	47463
ssdread	52916
ssdread	48173
ssdread	50803
ssdread	50473
ssdread	47280
ssdread	56226
ssdread	63277
ssdread	50649
ssdread	49867
ssdread	50294
ssdread	60685
ssdread	56798
ssdread	47330
ssdread	47020
ssdread	50352
ssdread	51026
ssdread	46347
ssdread	50664
ssdread	50659
ssdread	47308
ssdread	46904
ssdread	50336
ssdread	63307
ssdread	60003
ssdread	50691
ssdread	47059
ssdread	50493
ssdread	46975
ssdread	46911
ssdread	59088
ssdread	82687
ssdread	46773
ssdread	51056
ssdread	50816
ssdread	47611
ssdread	47143
ssdread	50057
ssdread	53796
ssdread	51063
ssdread	46563
ssdread	46953
ssdread	47062
ssdread	51278
ssdread	50598
ssdread	49979
ssdread	51004
ssdread	50466
ssdread	50389
ssdread	50277
ssdread	47915
ssdread	50798
ssdread	50246
ssdread	47282
ssdread	50049
ssdread	46875
ssdread	50029
ssdread	50023
ssdread	50007
ssdread	61681
ssdread	46455
ssdread	50149
ssdread	47599
ssdread	50802
ssdread	104379
ssdread	51983
ssdread	47220
ssdread	50469
ssdread	50644
ssdread	50641
ssdread	46909
ssdread	46784
ssdread	46680
ssdread	50568
ssdread	49917
ssdread	50226
ssdread	62014
ssdread	63859
ssdread	50360
ssdread	46922
ssdread	46821
ssdread	50248
ssdread	50871
ssdread	50338
ssdread	46643
ssdread	50182
ssdread	46647
ssdread	50047
ssdread	46970
ssdread	50923
ssdread	49601
ssdread	50706
ssdread	47660
ssdread	50078
ssdread	50442
ssdread	50092
ssdread	50617
ssdread	46438
ssdread	55467
ssdread	50669
ssdread	50771
ssdread	50536
ssdread	50292
ssdread	54667
ssdread	48450
ssdread	50306
ssdread	46245
ssdread	50510
ssdread	46192
ssdread	51090
ssdread	47077
ssdread	50588
ssdread	47034
ssdread	47790
ssdread	49634
ssdread	50512
ssdread	50015
ssdread	61449
ssdread	62301
ssdread	49736
ssdread	50061
ssdread	45791
ssdread	46836
ssdread	45920
ssdread	50104
ssdread	49440
ssdread	47384
ssdread	49660
ssdread	65884
ssdread	56262
ssdread	46420
ssdread	50574
ssdread	46214
ssdread	50245
ssdread	49252
ssdread	50290
ssdread	49742
ssdread	47233
ssdread	49427
ssdread	46693
ssdread	50076
ssdread	49810
ssdread	49139
ssdread	46676
ssdread	46620
ssdread	47239
ssdread	46485
ssdread	50159
ssdread	49853
ssdread	50478
ssdread	50083
ssdread	47318
ssdread	46033
ssdread	50391
ssdread	46351
ssdread	49724
ssdread	49178
ssdread	50603
ssdread	46750
ssdread	50369
ssdread	49882
ssdread	50610
ssdread	49801
ssdread	47053
ssdread	45683
ssdread	47451
ssdread	74387
ssdread	69489
ssdread	63052
ssdread	62332
ssdread	58301
ssdread	55368
ssdread	56381
ssdread	62623
ssdread	58518
ssdread	67498
ssdread	55900
ssdread	53329
ssdread	55504
ssdread	56335
ssdread	53014
ssdread	52405
ssdread	56272
ssdread	56726
ssdread	55581
ssdread	59198
ssdread	62026
ssdread	52691
ssdread	57010
ssdread	55964
ssdread	55989
ssdread	55500
ssdread	56636
ssdread	56271
ssdread	64224
ssdread	68403
ssdread	53095
ssdread	52560
ssdread	53260
ssdread	52480
ssdread	54161
ssdread	52290
ssdread	49814
ssdread	50685
ssdread	60818
ssdread	52902
ssdread	53116
ssdread	52276
ssdread	49470
ssdread	48928
ssdread	61040
ssdread	65363
ssdread	52257
ssdread	52667
ssdread	52231
ssdread	52718
ssdread	48135
ssdread	48913
ssdread	52134
ssdread	52990
ssdread	52554
ssdread	49889
ssdread	50106
ssdread	49642
ssdread	49060
ssdread	49024
ssdread	52553
ssdread	52299
ssdread	49523
ssdread	49894
ssdread	51661
ssdread	52658
ssdread	48983
ssdread	52510
ssdread	48804
ssdread	49420
ssdread	52432
ssdread	52427
ssdread	48941
ssdread	49783
ssdread	48459
ssdread	52416
ssdread	49432
ssdread	53390
ssdread	52504
ssdread	52734
ssdread	49253
ssdread	52859
ssdread	52360
ssdread	52611
ssdread	49167
ssdread	49023
ssdread	52308
ssdread	52962
ssdread	49359
ssdread	49570
ssdread	49502
ssdread	49760
ssdread	48830
ssdread	53013
ssdread	52693
ssdread	53053
ssdread	52247
ssdread	51126
ssdread	45903
ssdread	46908
ssdread	49444
ssdread	46583
ssdread	46308
ssdread	50378
ssdread	45704
ssdread	49564
ssdread	49540
ssdread	49984
ssdread	46361
ssdread	50689
ssdread	49468
ssdread	46397
ssdread	46519
ssdread	50353
ssdread	49261
ssdread	47366
ssdread	49942
ssdread	54967
ssdread	50077
ssdread	50089
ssdread	47474
ssdread	50215
ssdread	46334
ssdread	46618
ssdread	49941
ssdread	50250
ssdread	49494
ssdread	47220
ssdread	49795
ssdread	51181
ssdread	46343
ssdread	46154
ssdread	49602
ssdread	50240
ssdread	46440
ssdread	49731
ssdread	50064
ssdread	50216
ssdread	46087
ssdread	50449
ssdread	46242
ssdread	47025
ssdread	49384
ssdread	46587
ssdread	45573
ssdread	50713
ssdread	46335
ssdread	47324
ssdread	49856
ssdread	46609
ssdread	57348
ssdread	62695
ssdread	46896
ssdread	45869
ssdread	46825
ssdread	49541
ssdread	46303
ssdread	49612
ssdread	50443
ssdread	46230
ssdread	49897
ssdread	45692
ssdread	50417
ssdread	46486
ssdread	50321
ssdread	49451
ssdread	50449
ssdread	50330
ssdread	50084
ssdread	46610
ssdread	51394
ssdread	49000
ssdread	50453
ssdread	50163
ssdread	50251
ssdread	45855
ssdread	46923
ssdread	50574
ssdread	47015
ssdread	48857
ssdread	49633
ssdread	46235
ssdread	46604
ssdread	46539
ssdread	46776
ssdread	48168
ssdread	49990
ssdread	49651
ssdread	49324
ssdread	46232
ssdread	49729
ssdread	49288
ssdread	46273
ssdread	46153
ssdread	50150
ssdread	49484
ssdread	46776
ssdread	53967
ssdread	50921
ssdread	49817
ssdread	50481
ssdread	45919
ssdread	46737
ssdread	49800
ssdread	50223
ssdread	46105
ssdread	50865
ssdread	49574
ssdread	46939
ssdread	48980
ssdread	50015
ssdread	49344
ssdread	46692
ssdread	61345
ssdread	60316
ssdread	49827
ssdread	49554
ssdread	50358
ssdread	49214
ssdread	50200
ssdread	46128
ssdread	46430
ssdread	46478
ssdread	47081
ssdread	48937
ssdread	46498
ssdread	49455
ssdread	47042
ssdread	49290
ssdread	50236
ssdread	48905
ssdread	46338
ssdread	49099
ssdread	46905
ssdread	49497
ssdread	50034
ssdread	45975
ssdread	46975
ssdread	50143
ssdread	50398
ssdread	46528
ssdread	47338
ssdread	49282
ssdread	50714
ssdread	53066
ssdread	46478
ssdread	49163
ssdread	50202
ssdread	49315
ssdread	54964
ssdread	49480
ssdread	50348
ssdread	49836
ssdread	50372
ssdread	46214
ssdread	50360
ssdread	45932
ssdread	50159
ssdread	49606
ssdread	50980
ssdread	48685
ssdread	46798
ssdread	45914
ssdread	49928
ssdread	49264
ssdread	51667
ssdread	46396
ssdread	46836
ssdread	46892
ssdread	50153
ssdread	46281
ssdread	49591
ssdread	49466
ssdread	49723
ssdread	46030
ssdread	46723
ssdread	46820
ssdread	47220
ssdread	49508
ssdread	47513
ssdread	49940
ssdread	49907
ssdread	46412
ssdread	46739
ssdread	45468
ssdread	49647
ssdread	49617
ssdread	46841
ssdread	48932
ssdread	49614
ssdread	49353
ssdread	50213
ssdread	62829
ssdread	46253
ssdread	45914
ssdread	49516
ssdread	49775
ssdread	46913
ssdread	45845
ssdread	47028
ssdread	49248
ssdread	46971
ssdread	49092
ssdread	46476
ssdread	49081
ssdread	46148
ssdread	49827
ssdread	47598
ssdread	49523
ssdread	50422
ssdread	49223
ssdread	46631
ssdread	48647
ssdread	49603
ssdread	49416
ssdread	49868
ssdread	46286
ssdread	49729
ssdread	46621
ssdread	46755
ssdread	50058
ssdread	50751
ssdread	45858
ssdread	50116
ssdread	46344
ssdread	46464
ssdread	49076
ssdread	46845
ssdread	46053
ssdread	46821
ssdread	49006
ssdread	49866
ssdread	49546
ssdread	50007
ssdread	45636
ssdread	47137
ssdread	49315
ssdread	45918
ssdread	45962
ssdread	50316
ssdread	49946
ssdread	50505
ssdread	46464
ssdread	50424
ssdread	49892
ssdread	50452
ssdread	49941
ssdread	46435
ssdread	50116
ssdread	49969
ssdread	46884
ssdread	46412
ssdread	45910
ssdread	46748
ssdread	45840
ssdread	46187
ssdread	49059
ssdread	50275
ssdread	58307
ssdread	50473
ssdread	46054
ssdread	50987
ssdread	49478
ssdread	47290
ssdread	45980
ssdread	47330
ssdread	49174
ssdread	46110
ssdread	49645
ssdread	49693
ssdread	49425
ssdread	47665
ssdread	45646
ssdread	46848
ssdread	45984
ssdread	50215
ssdread	49251
ssdread	49546
ssdread	49374
ssdread	48674
ssdread	50834
ssdread	46304
ssdread	46671
ssdread	46186
ssdread	50227
ssdread	45930
ssdread	47219
ssdread	49436
ssdread	49530
ssdread	49910
ssdread	46941
ssdread	46048
ssdread	50402
ssdread	49320
ssdread	46593
ssdread	45942
ssdread	47028
ssdread	49915
ssdread	57859
ssdread	66360
ssdread	46178
ssdread	49936
ssdread	46428
ssdread	46918
ssdread	49527
ssdread	46406
ssdread	49329
ssdread	46425
ssdread	49664
ssdread	47071
ssdread	49421
ssdread	47458
ssdread	49303
ssdread	46413
ssdread	46410
ssdread	47149
ssdread	45761
ssdread	49742
ssdread	49297
ssdread	46559
ssdread	45979
ssdread	50167
ssdread	50057
ssdread	53081
ssdread	46953
ssdread	46263
ssdread	54602
ssdread	49850
ssdread	46525
ssdread	46306
ssdread	47665
ssdread	49446
ssdread	45897
ssdread	49483
ssdread	46423
ssdread	49429
ssdread	47177
ssdread	49457
ssdread	51012
ssdread	45788
ssdread	46474
ssdread	49293
ssdread	50173
ssdread	50599
ssdread	52858
ssdread	49330
ssdread	49943
ssdread	46336
ssdread	63184
ssdread	65977
ssdread	46826
ssdread	46581
ssdread	46211
ssdread	49801
ssdread	45891
ssdread	46548
ssdread	45710
ssdread	49889
ssdread	49438
ssdread	49758
ssdread	47099
ssdread	47402
ssdread	49711
ssdread	49943
ssdread	49559
ssdread	46629
ssdread	49551
ssdread	46185
ssdread	49272
ssdread	46199
ssdread	52645
ssdread	49997
ssdread	49459
ssdread	46615
ssdread	46108
ssdread	50267
ssdread	49150
ssdread	49546
ssdread	49319
ssdread	47102
ssdread	51710
ssdread	46112
ssdread	49409
ssdread	48984
ssdread	50504
ssdread	46627
ssdread	47280
ssdread	49275
ssdread	46820
ssdread	49324
ssdread	46498
ssdread	54839
ssdread	45199
ssdread	45813
ssdread	49087
ssdread	50466
ssdread	49021
ssdread	50073
ssdread	45698
ssdread	46446
ssdread	49095
ssdread	46534
ssdread	49226
ssdread	46974
ssdread	51008
ssdread	47848
ssdread	49174
ssdread	50214
ssdread	45915
ssdread	46659
ssdread	46140
ssdread	46728
ssdread	45468
ssdread	46493
ssdread	48887
ssdread	46605
ssdread	49153
ssdread	46715
ssdread	48730
ssdread	49775
ssdread	49220
ssdread	46702
ssdread	45563
ssdread	46409
ssdread	48825
ssdread	50837
ssdread	49502
ssdread	46324
ssdread	48968
ssdread	60023
ssdread	67358
ssdread	49578
ssdread	46325
ssdread	45723
ssdread	46691
ssdread	48978
ssdread	49545
ssdread	49431
ssdread	46425
ssdread	49683
ssdread	46017
ssdread	45945
ssdread	46144
ssdread	45990
ssdread	49933
ssdread	46062
ssdread	46153
ssdread	50478
ssdread	46468
ssdread	49788
ssdread	46326
ssdread	49495
ssdread	49284
ssdread	49701
ssdread	46197
ssdread	49941
ssdread	46643
ssdread	57124
ssdread	49966
ssdread	46735
ssdread	49919
ssdread	49842
ssdread	49848
ssdread	46089
ssdread	50090
ssdread	50222
ssdread	46802
ssdread	46977
ssdread	46836
ssdread	46794
ssdread	46338
ssdread	46375
ssdread	49711
ssdread	49937
ssdread	46824
ssdread	49728
ssdread	46750
ssdread	50023
ssdread	49330
ssdread	46545
ssdread	45972
ssdread	46096
ssdread	49814
ssdread	46162
ssdread	49948
ssdread	49517
ssdread	49642
ssdread	50534
ssdread	50282
ssdread	46046
ssdread	49648
ssdread	50042
ssdread	50082
ssdread	46125
ssdread	58239
ssdread	63209
ssdread	49956
ssdread	46703
ssdread	46987
ssdread	49685
ssdread	49274
ssdread	47612
ssdread	46650
ssdread	45849
ssdread	50037
ssdread	46083
ssdread	49741
ssdread	50016
ssdread	50026
ssdread	49901
ssdread	49954
ssdread	46620
ssdread	49048
ssdread	46499
ssdread	46430
ssdread	50174
ssdread	46814
ssdread	46518
ssdread	46390
ssdread	50085
ssdread	46562
ssdread	49668
ssdread	47276
ssdread	46175
ssdread	47036
ssdread	46339
ssdread	49927
ssdread	46407
ssdread	49717
ssdread	50382
ssdread	45940
ssdread	49495
ssdread	46411
ssdread	50519
ssdread	46271
ssdread	49658
ssdread	49723
ssdread	45638
ssdread	49592
ssdread	49979
ssdread	49948
ssdread	46855
ssdread	49234
ssdread	64546
ssdread	62693
ssdread	49753
ssdread	49909
ssdread	49257
ssdread	50249
ssdread	46259
ssdread	46470
ssdread	49692
ssdread	49974
ssdread	46100
ssdread	46549
ssdread	49767
ssdread	49635
ssdread	46042
ssdread	46335
ssdread	49741
ssdread	46994
ssdread	49649
ssdread	47177
ssdread	46609
ssdread	50549
ssdread	46132
ssdread	46529
ssdread	45937
ssdread	51092
ssdread	46237
ssdread	49439
ssdread	46753
ssdread	50147
ssdread	46021
ssdread	49597
ssdread	46840
ssdread	46652
ssdread	46575
ssdread	46744
ssdread	46408
ssdread	46466
ssdread	46767
ssdread	49978
ssdread	50163
ssdread	45777
ssdread	49591
ssdread	46513
ssdread	46439
ssdread	46388
ssdread	50653
ssdread	46460
ssdread	50177
ssdread	46727
ssdread	49566
ssdread	45861
ssdread	54823
ssdread	50045
ssdread	60972
ssdread	46537
ssdread	49787
ssdread	46467
ssdread	46706
ssdread	49160
ssdread	46681
ssdread	49711
ssdread	46086
ssdread	50095
ssdread	46629
ssdread	50296
ssdread	49910
ssdread	50211
ssdread	46403
ssdread	46597
ssdread	46253
ssdread	50013
ssdread	46551
ssdread	49998
ssdread	47872
ssdread	98787
ssdread	100038
ssdread	79068
ssdread	50543
ssdread	49831
ssdread	46497
ssdread	49712
ssdread	45633
ssdread	45708
ssdread	50189
ssdread	47231
ssdread	46637
ssdread	49710
ssdread	49608
ssdread	49497
ssdread	45714
ssdread	49448
ssdread	46510
ssdread	49623
ssdread	49783
ssdread	49829
ssdread	46281
ssdread	50293
ssdread	47644
ssdread	45948
ssdread	46493
ssdread	46667
ssdread	50017
ssdread	50285
ssdread	46440
ssdread	47809
ssdread	46782
ssdread	50071
ssdread	46125
ssdread	50198
ssdread	47054
ssdread	50342
ssdread	50473
ssdread	46852
ssdread	45971
ssdread	59553
ssdread	59172
ssdread	49467
ssdread	49518
ssdread	49480
ssdread	49566
ssdread	45964
ssdread	49001
ssdread	45923
ssdread	49571
ssdread	54479
ssdread	58128
ssdread	106415
ssdread	75983
ssdread	90294
ssdread	73717
ssdread	82669
ssdread	94864
ssdread	46485
ssdread	52408
ssdread	46543
ssdread	46305
ssdread	46574
ssdread	46067
ssdread	46610
ssdread	46143
ssdread	46787
ssdread	46617
ssdread	50106
ssdread	49721
ssdread	49201
ssdread	49993
ssdread	49736
ssdread	46392
ssdread	46681
ssdread	46071
ssdread	46355
ssdread	49570
ssdread	49431
ssdread	49997
ssdread	45958
ssdread	50013
ssdread	50020
ssdread	46799
ssdread	49616
ssdread	49441
ssdread	49533
ssdread	46614
ssdread	46878
ssdread	46291
ssdread	49143
ssdread	49367
ssdread	49688
ssdread	49913
ssdread	49878
ssdread	46585
ssdread	49587
ssdread	49760
ssdread	47130
ssdread	45535
ssdread	45931
ssdread	46099
ssdread	46280
ssdread	51813
ssdread	49383
ssdread	49460
ssdread	50189
ssdread	50511
ssdread	50495
ssdread	49650
ssdread	46732
ssdread	61336
ssdread	49789
ssdread	46442
ssdread	46147
ssdread	49461
ssdread	49914
ssdread	49738
ssdread	46512
ssdread	46818
ssdread	50119
ssdread	47299
ssdread	49509
ssdread	46609
ssdread	46648
ssdread	46246
ssdread	46305
ssdread	48228
ssdread	50286
ssdread	46084
ssdread	49794
ssdread	46131
ssdread	49782
ssdread	45962
ssdread	49445
ssdread	46331
ssdread	49735
ssdread	46350
ssdread	49228
ssdread	46015
ssdread	50031
ssdread	49428
ssdread	46626
ssdread	50170
ssdread	46345
ssdread	50062
ssdread	50080
ssdread	46048
ssdread	48070
ssdread	50459
ssdread	50195
ssdread	46270
ssdread	46958
ssdread	49691
ssdread	49442
ssdread	46626
ssdread	50207
ssdread	46345
ssdread	49571
ssdread	47276
ssdread	49444
ssdread	49875
ssdread	47074
ssdread	50625
ssdread	49692
ssdread	49762
ssdread	46251
ssdread	46759
ssdread	49242
ssdread	46233
ssdread	46317
ssdread	50097
ssdread	46463
ssdread	49766
ssdread	46741
ssdread	49467
ssdread	49305
ssdread	49566
ssdread	52834
ssdread	49921
ssdread	49450
ssdread	49664
ssdread	49792
ssdread	45805
ssdread	46016
ssdread	46312
ssdread	49744
ssdread	46307
ssdread	49876
ssdread	46773
ssdread	46548
ssdread	46137
ssdread	46181
ssdread	49420
ssdread	49599
ssdread	49550
ssdread	49815
ssdread	49476
ssdread	49621
ssdread	50037
ssdread	49875
ssdread	49677
ssdread	49598
ssdread	49768
ssdread	46357
ssdread	53495
ssdread	46698
ssdread	46451
ssdread	46622
ssdread	46520
ssdread	50298
ssdread	50016
ssdread	49621
ssdread	46996
ssdread	49754
ssdread	58203
ssdread	63639
ssdread	46228
ssdread	46189
ssdread	49342
ssdread	49997
ssdread	46122
ssdread	46163
ssdread	46167
ssdread	45951
ssdread	49879
ssdread	47158
ssdread	50156
ssdread	49745
ssdread	49410
ssdread	50825
ssdread	46690
ssdread	46201
ssdread	49755
ssdread	50117
ssdread	49677
ssdread	49443
ssdread	46232
ssdread	57975
ssdread	62135
ssdread	49598
ssdread	49984
ssdread	46034
ssdread	50406
ssdread	46421
ssdread	49392
ssdread	46438
ssdread	50051
ssdread	49538
ssdread	50280
ssdread	53829
ssdread	47038
ssdread	46349
ssdread	49129
ssdread	49736
ssdread	49899
ssdread	49929
ssdread	46050
ssdread	57895
ssdread	58885
ssdread	45795
ssdread	46118
ssdread	49287
ssdread	46233
ssdread	49805
ssdread	46555
ssdread	50006
ssdread	50172
ssdread	50236
ssdread	46168
ssdread	50268
ssdread	46488
ssdread	49494
ssdread	49939
ssdread	51158
ssdread	49495
ssdread	46031
ssdread	46054
ssdread	46606
ssdread	48811
ssdread	49383
ssdread	49273
ssdread	49425
ssdread	49459
ssdread	45921
ssdread	45926
ssdread	49835
ssdread	45705
ssdread	46934
ssdread	45998
ssdread	58314
ssdread	62677
ssdread	49035
ssdread	46075
ssdread	49206
ssdread	49650
ssdread	48941
ssdread	50127
ssdread	48978
ssdread	49645
ssdread	45698
ssdread	46513
ssdread	45777
ssdread	49754
ssdread	49472
ssdread	49829
ssdread	49100
ssdread	49644
ssdread	45444
ssdread	46411
ssdread	48677
ssdread	51006
ssdread	46598
ssdread	46684
ssdread	45412
ssdread	46373
ssdread	45581
ssdread	46879
ssdread	45650
ssdread	49930
ssdread	45683
ssdread	49940
ssdread	49410
ssdread	46211
ssdread	45919
ssdread	50254
ssdread	48960
ssdread	49794
ssdread	49293
ssdread	50493
ssdread	51254
ssdread	49798
ssdread	50166
ssdread	46879
ssdread	46325
ssdread	49539
ssdread	45575
ssdread	46476
ssdread	45606
ssdread	49569
ssdread	60763
ssdread	58528
ssdread	49452
ssdread	49373
ssdread	46811
ssdread	46091
ssdread	46787
ssdread	48623
ssdread	49490
ssdread	46052
ssdread	49692
ssdread	49252
ssdread	46459
ssdread	49277
ssdread	46909
ssdread	49508
ssdread	50201
ssdread	45638
ssdread	46312
ssdread	49390
ssdread	49690
ssdread	49213
ssdread	50429
ssdread	45194
ssdread	46152
ssdread	49383
ssdread	54892
ssdread	46596
ssdread	45195
ssdread	46508
ssdread	45251
ssdread	46835
ssdread	45308
ssdread	50917
ssdread	50149
ssdread	46479
ssdread	45914
ssdread	49814
ssdread	46061
ssdread	49828
ssdread	45581
ssdread	49976
ssdread	46027
ssdread	46235
ssdread	45566
ssdread	49906
ssdread	49231
ssdread	46102
ssdread	49034
ssdread	49348
ssdread	45187
ssdread	49429
ssdread	48864
ssdread	49423
ssdread	49774
ssdread	46347
ssdread	49076
ssdread	49525
ssdread	49280
ssdread	46072
ssdread	53007
ssdread	49600
ssdread	46212
ssdread	49793
ssdread	46558
ssdread	45916
ssdread	49195
ssdread	45581
ssdread	49516
ssdread	46349
ssdread	45620
ssdread	61388
ssdread	58745
ssdread	49213
ssdread	49269
ssdread	49330
ssdread	46409
ssdread	49500
ssdread	47029
ssdread	54262
ssdread	46422
ssdread	46155
ssdread	45733
ssdread	45340
ssdread	49544
ssdread	48777
ssdread	46811
ssdread	48876
ssdread	49855
ssdread	46191
ssdread	45762
ssdread	44933
ssdread	46457
ssdread	49770
ssdread	45928
ssdread	46384
ssdread	62002
ssdread	62561
ssdread	46101
ssdread	49591
ssdread	49143
ssdread	46194
ssdread	49297
ssdread	50083
ssdread	45156
ssdread	46772
ssdread	45832
ssdread	46346
ssdread	45578
ssdread	46602
ssdread	45547
ssdread	46575
ssdread	45911
ssdread	46309
ssdread	49408
ssdread	49544
ssdread	50145
ssdread	46934
ssdread	46676
ssdread	46325
ssdread	49131
ssdread	50056
ssdread	45864
ssdread	50137
ssdread	49690
ssdread	62498
ssdread	62319
ssdread	49715
ssdread	46329
ssdread	49545
ssdread	49949
ssdread	49167
ssdread	46993
ssdread	46592
ssdread	46496
ssdread	49716
ssdread	53708
ssdread	46085
ssdread	50135
ssdread	48817
ssdread	49875
ssdread	49868
ssdread	47372
ssdread	45460
ssdread	49608
ssdread	46274
ssdread	49928
ssdread	45669
ssdread	49353
ssdread	45914
ssdread	46230
ssdread	48622
ssdread	49623
ssdread	45785
ssdread	46117
ssdread	49073
ssdread	46749
ssdread	49719
ssdread	54190
ssdread	49562
ssdread	46513
ssdread	45433
ssdread	46421
ssdread	49206
ssdread	46769
ssdread	48923
ssdread	46590
ssdread	48950
ssdread	49608
ssdread	45937
ssdread	54465
ssdread	48921
ssdread	46298
ssdread	45418
ssdread	49871
ssdread	45804
ssdread	46787
ssdread	46683
ssdread	46635
ssdread	49368
ssdread	46294
ssdread	46140
ssdread	46354
ssdread	48840
ssdread	49784
ssdread	49354
ssdread	46891
ssdread	45587
ssdread	51366
ssdread	49116
ssdread	49513
ssdread	45862
ssdread	46484
ssdread	45875
ssdread	50317
ssdread	45225
ssdread	46822
ssdread	49064
ssdread	50556
ssdread	49386
ssdread	50011
ssdread	49888
ssdread	46359
ssdread	46361
ssdread	49886
ssdread	45724
ssdread	49901
ssdread	46092
ssdread	49313
ssdread	49272
ssdread	50037
ssdread	49154
ssdread	46865
ssdread	49391
ssdread	46510
ssdread	48900
ssdread	49958
ssdread	49463
ssdread	49805
ssdread	49039
ssdread	47386
ssdread	45850
ssdread	46273
ssdread	48874
ssdread	46544
ssdread	49111
ssdread	46243
ssdread	45711
ssdread	46813
ssdread	49172
ssdread	49810
ssdread	48601
ssdread	50006
ssdread	49402
ssdread	49453
ssdread	45869
ssdread	53276
ssdread	49372
ssdread	45535
ssdread	51315
ssdread	48318
ssdread	45624
ssdread	49844
ssdread	49301
ssdread	49710
ssdread	46030
ssdread	49450
ssdread	49462
ssdread	46352
ssdread	46168
ssdread	46050
ssdread	46097
ssdread	46417
ssdread	45131
ssdread	47411
ssdread	49096
ssdread	46519
ssdread	46045
ssdread	46069
ssdread	48753
ssdread	47305
ssdread	46647
ssdread	45715
ssdread	50050
ssdread	49270
ssdread	49926
ssdread	49048
ssdread	46301
ssdread	53528
ssdread	50060
ssdread	48802
ssdread	49069
ssdread	45798
ssdread	46673
ssdread	49658
ssdread	49863
ssdread	58540
ssdread	62661
ssdread	49977
ssdread	49321
ssdread	51369
ssdread	46510
ssdread	50309
ssdread	49288
ssdread	46924
ssdread	45488
ssdread	46663
ssdread	49098
ssdread	46420
ssdread	49669
ssdread	49668
ssdread	46348
ssdread	47062
ssdread	45646
ssdread	49944
ssdread	49567
ssdread	46188
ssdread	49338
ssdread	46562
ssdread	45197
ssdread	49380
ssdread	49565
ssdread	50576
ssdread	49271
ssdread	49209
ssdread	49129
ssdread	49745
ssdread	59467
ssdread	62362
ssdread	47154
ssdread	48607
ssdread	46148
ssdread	46516
ssdread	50434
ssdread	46147
ssdread	47008
ssdread	49254
ssdread	50172
ssdread	45425
ssdread	46125
ssdread	45445
ssdread	48569
ssdread	46532
ssdread	49982
ssdread	45954
ssdread	46666
ssdread	45455
ssdread	49714
ssdread	45513
ssdread	49769
ssdread	46350
ssdread	46234
ssdread	45557
ssdread	49936
ssdread	50817
ssdread	49963
ssdread	46778
ssdread	49291
ssdread	46699
ssdread	46268
ssdread	46354
ssdread	46525
ssdread	49926
ssdread	49950
ssdread	49875
ssdread	57467
ssdread	59114
ssdread	45605
ssdread	49778
ssdread	46694
ssdread	46296
ssdread	49718
ssdread	46284
ssdread	45988
ssdread	46316
ssdread	57938
ssdread	63396
ssdread	49782
ssdread	50001
ssdread	49917
ssdread	49676
ssdread	46440
ssdread	46707
ssdread	46838
ssdread	46410
ssdread	50036
ssdread	46433
ssdread	49737
ssdread	49767
ssdread	49401
ssdread	47009
ssdread	46183
ssdread	46406
ssdread	45850
ssdread	49658
ssdread	46242
ssdread	57780
ssdread	63332
ssdread	49356
ssdread	49202
ssdread	49955
ssdread	49821
ssdread	49790
ssdread	49887
ssdread	46417
ssdread	50813
ssdread	50001
ssdread	45865
ssdread	49425
ssdread	46193
ssdread	49318
ssdread	49972
ssdread	52638
ssdread	46706
ssdread	46470
ssdread	46699
ssdread	46025
ssdread	49934
ssdread	45936
ssdread	46400
ssdread	46499
ssdread	49764
ssdread	49803
ssdread	49721
ssdread	46112
ssdread	45935
ssdread	58773
ssdread	60750
ssdread	46697
ssdread	46777
ssdread	46492
ssdread	46271
ssdread	46416
ssdread	49130
ssdread	46441
ssdread	49741
ssdread	46520
ssdread	46431
ssdread	46722
ssdread	45915
ssdread	49683
ssdread	50076
ssdread	50325
ssdread	47575
ssdread	50765
ssdread	46244
ssdread	46188
ssdread	49795
ssdread	49684
ssdread	49472
ssdread	45794
ssdread	50020
ssdread	50127
ssdread	50215
ssdread	49841
ssdread	46533
ssdread	46671
ssdread	50024
ssdread	49637
ssdread	46212
ssdread	46374
ssdread	46141
ssdread	50101
ssdread	45998
ssdread	50237
ssdread	46898
ssdread	50094
ssdread	49763
ssdread	46120
ssdread	46371
ssdread	46626
ssdread	46180
ssdread	46017
ssdread	49917
ssdread	50011
ssdread	46673
ssdread	46421
ssdread	46520
ssdread	49733
ssdread	49838
ssdread	50458
ssdread	49799
ssdread	50012
ssdread	49528
ssdread	49965
ssdread	50236
ssdread	84476
ssdread	97780
ssdread	97519
ssdread	80334
ssdread	84411
ssdread	81375
ssdread	82469
ssdread	47172
ssdread	46037
ssdread	50173
ssdread	49647
ssdread	46360
ssdread	46580
ssdread	49717
ssdread	49617
ssdread	47162
ssdread	49810
ssdread	50039
ssdread	49422
ssdread	46297
ssdread	49126
ssdread	50674
ssdread	49263
ssdread	47310
ssdread	49525
ssdread	46868
ssdread	46477
ssdread	49945
ssdread	46443
ssdread	45872
ssdread	49391
ssdread	49703
ssdread	45956
ssdread	50454
ssdread	51543
ssdread	47433
ssdread	46147
ssdread	46913
ssdread	49888
ssdread	49861
ssdread	50228
ssdread	46448
ssdread	49957
ssdread	50180
ssdread	49788
ssdread	46394
ssdread	45827
ssdread	46270
ssdread	47124
ssdread	46870
ssdread	50509
ssdread	47027
ssdread	46034
ssdread	49784
ssdread	46637
ssdread	46004
ssdread	46701
ssdread	50068
ssdread	47530
ssdread	49872
ssdread	58832
ssdread	60439
ssdread	49726
ssdread	45830
ssdread	49705
ssdread	49826
ssdread	49911
ssdread	49776
ssdread	46763
ssdread	46571
ssdread	46300
ssdread	46269
ssdread	50549
ssdread	55830
ssdread	51982
ssdread	50088
ssdread	47004
ssdread	46616
ssdread	46453
ssdread	46156
ssdread	46203
ssdread	46279
ssdread	46747
ssdread	46508
ssdread	50493
ssdread	45970
ssdread	45822
ssdread	45995
ssdread	50008
ssdread	49493
ssdread	49730
ssdread	46785
ssdread	49575
ssdread	49492
ssdread	49237
ssdread	46712
ssdread	46250
ssdread	49527
ssdread	46134
ssdread	50414
ssdread	46745
ssdread	49590
ssdread	49879
ssdread	49505
ssdread	50321
ssdread	49967
ssdread	50181
ssdread	49976
ssdread	50929
ssdread	61805
ssdread	63724
ssdread	46400
ssdread	50167
ssdread	49957
ssdread	46077
ssdread	47661
ssdread	49683
ssdread	54517
ssdread	49558
ssdread	49697
ssdread	46928
ssdread	46626
ssdread	49660
ssdread	50097
ssdread	47161
ssdread	49747
ssdread	46337
ssdread	46598
ssdread	45947
ssdread	49966
ssdread	46559
ssdread	49648
ssdread	46203
ssdread	45916
ssdread	45786
ssdread	50119
ssdread	51375
ssdread	47159
ssdread	49895
ssdread	50065
ssdread	46294
ssdread	50064
ssdread	49903
ssdread	46266
ssdread	46862
ssdread	46336
ssdread	50285
ssdread	49717
ssdread	50032
ssdread	49638
ssdread	54789
ssdread	49677
ssdread	49584
ssdread	46118
ssdread	46677
ssdread	45906
ssdread	46217
ssdread	46474
ssdread	49955
ssdread	50129
ssdread	50596
ssdread	46205
ssdread	49736
ssdread	50224
ssdread	45935
ssdread	49354
ssdread	49730
ssdread	49657
ssdread	49850
ssdread	46196
ssdread	45974
ssdread	47550
ssdread	49896
ssdread	50287
ssdread	50171
ssdread	49438
ssdread	46714
ssdread	46696
ssdread	53041
ssdread	49690
ssdread	46135
ssdread	49430
ssdread	50101
ssdread	49389
ssdread	46410
ssdread	49174
ssdread	46560
ssdread	46669
ssdread	49577
ssdread	49513
ssdread	47344
ssdread	128293
ssdread	98110
ssdread	81786
ssdread	81806
ssdread	80867
ssdread	79542
ssdread	46831
ssdread	51727
ssdread	46954
ssdread	49898
ssdread	46555
ssdread	50068
ssdread	49992
ssdread	49561
ssdread	49860
ssdread	46673
ssdread	49949
ssdread	49632
ssdread	49688
ssdread	46749
ssdread	50035
ssdread	50193
ssdread	50310
ssdread	50348
ssdread	47314
ssdread	45921
ssdread	50021
ssdread	46038
ssdread	49596
ssdread	46296
ssdread	50424
ssdread	50582
ssdread	49452
ssdread	50384
ssdread	46749
ssdread	49927
ssdread	47228
ssdread	46672
ssdread	49797
ssdread	61425
ssdread	62183
ssdread	50220
ssdread	46492
ssdread	50012
ssdread	49156
ssdread	46281
ssdread	45698
ssdread	46307
ssdread	50159
ssdread	62050
ssdread	63373
ssdread	49506
ssdread	50881
ssdread	46576
ssdread	46233
ssdread	46645
ssdread	49931
ssdread	47141
ssdread	50198
ssdread	49572
ssdread	49638
ssdread	46180
ssdread	50017
ssdread	49652
ssdread	52323
ssdread	46244
ssdread	46569
ssdread	46269
ssdread	49739
ssdread	46273
ssdread	49210
ssdread	49614
ssdread	49615
ssdread	49809
ssdread	46368
ssdread	49531
ssdread	45666
ssdread	49854
ssdread	49702
ssdread	49766
ssdread	49988
ssdread	50563
ssdread	50018
ssdread	50127
ssdread	46975
ssdread	46300
ssdread	49872
ssdread	46493
ssdread	49358
ssdread	46174
ssdread	46232
ssdread	46443
ssdread	58253
ssdread	59583
ssdread	45813
ssdread	48969
ssdread	46801
ssdread	45727
ssdread	46513
ssdread	45717
ssdread	46361
ssdread	46267
ssdread	49768
ssdread	46454
ssdread	50492
ssdread	50195
ssdread	49927
ssdread	49769
ssdread	49767
ssdread	47007
ssdread	46917
ssdread	50502
ssdread	50019
ssdread	49657
ssdread	50088
ssdread	49859
ssdread	46246
ssdread	46345
ssdread	50245
ssdread	49786
ssdread	46631
ssdread	50146
ssdread	46703
ssdread	47069
ssdread	197458
ssdread	53567
ssdread	53048
ssdread	50064
ssdread	59326
ssdread	51326
ssdread	54638
ssdread	51290
ssdread	50148
ssdread	49904
ssdread	46260
ssdread	54038
ssdread	50032
ssdread	49534
ssdread	46569
ssdread	49806
ssdread	49704
ssdread	64702
ssdread	51452
ssdread	47216
ssdread	49761
ssdread	50734
ssdread	49637
ssdread	50575
ssdread	49703
ssdread	50078
ssdread	49760
ssdread	46610
ssdread	49761
ssdread	50026
ssdread	47500
ssdread	49087
ssdread	49633
ssdread	49990
ssdread	49841
ssdread	50051
ssdread	49390
ssdread	51422
ssdread	50168
ssdread	46366
ssdread	49477
ssdread	46827
ssdread	50094
ssdread	46329
ssdread	46764
ssdread	50513
ssdread	49577
ssdread	50909
ssdread	46744
ssdread	46713
ssdread	50014
ssdread	46932
ssdread	50053
ssdread	46810
ssdread	50670
ssdread	54019
ssdread	57045
ssdread	49111
ssdread	55598
ssdread	63903
ssdread	48809
ssdread	53894
ssdread	48962
ssdread	48771
ssdread	47599
ssdread	50563
ssdread	51167
ssdread	47511
ssdread	50297
ssdread	52441
ssdread	51373
ssdread	50488
ssdread	46927
ssdread	49877
ssdread	47138
ssdread	46383
ssdread	47773
ssdread	50828
ssdread	47823
ssdread	51087
ssdread	51067
ssdread	50682
ssdread	50671
ssdread	53858
ssdread	51931
ssdread	50995
ssdread	50748
ssdread	48462
ssdread	47917
ssdread	47509
ssdread	51398
ssdread	50549
ssdread	51488
ssdread	46977
ssdread	46719
ssdread	46706
ssdread	50240
ssdread	51580
ssdread	50265
ssdread	46673
ssdread	50239
ssdread	50305
ssdread	47024
ssdread	46253
ssdread	47051
ssdread	49462
ssdread	50006
ssdread	57691
ssdread	62603
ssdread	46902
ssdread	49681
ssdread	49320
ssdread	49388
ssdread	49380
ssdread	46871
ssdread	50259
ssdread	50245
ssdread	50647
ssdread	53997
ssdread	52934
ssdread	46338
ssdread	50008
ssdread	50384
ssdread	50322
ssdread	50275
ssdread	50024
ssdread	47278
ssdread	46539
ssdread	47349
ssdread	49721
ssdread	49821
ssdread	45888
ssdread	49489
ssdread	49754
ssdread	49817
ssdread	49606
ssdread	51605
ssdread	50354
ssdread	46471
ssdread	54367
ssdread	50036
ssdread	46700
ssdread	46009
ssdread	49849
ssdread	45964
ssdread	46147
ssdread	61470
ssdread	62572
ssdread	50354
ssdread	50294
ssdread	46503
ssdread	49654
ssdread	46196
ssdread	50294
ssdread	49843
ssdread	50091
ssdread	50101
ssdread	50431
ssdread	50064
ssdread	51439
ssdread	46915
ssdread	46769
ssdread	49868
ssdread	49360
ssdread	46024
ssdread	49296
ssdread	49573
ssdread	46361
ssdread	49186
ssdread	45832
ssdread	49615
ssdread	46148
ssdread	61978
ssdread	63118
ssdread	45984
ssdread	45896
ssdread	46855
ssdread	46956
ssdread	46545
ssdread	50822
ssdread	52218
ssdread	50060
ssdread	46155
ssdread	46219
ssdread	60473
ssdread	62266
ssdread	46782
ssdread	50048
ssdread	46682
ssdread	50491
ssdread	46417
ssdread	46361
ssdread	54051
ssdread	46089
ssdread	49571
ssdread	46133
ssdread	49616
ssdread	46677
ssdread	49951
ssdread	50309
ssdread	49934
ssdread	49843
ssdread	46094
ssdread	46580
ssdread	50691
ssdread	47573
ssdread	49921
ssdread	46925
ssdread	50267
ssdread	50099
ssdread	49807
ssdread	49688
ssdread	50055
ssdread	55426
ssdread	50073
ssdread	54974
ssdread	54949
ssdread	56915
ssdread	62155
ssdread	53997
ssdread	49871
ssdread	51968
ssdread	52235
ssdread	51897
ssdread	63672
ssdread	58829
ssdread	54289
ssdread	51693
ssdread	52063
ssdread	52156
ssdread	48209
ssdread	57176
ssdread	48867
ssdread	52216
ssdread	48402
ssdread	53117
ssdread	52640
ssdread	51735
ssdread	47246
ssdread	47565
ssdread	51473
ssdread	52027
ssdread	50321
ssdread	51428
ssdread	46915
ssdread	49512
ssdread	53087
ssdread	49674
ssdread	51096
ssdread	52995
ssdread	52733
ssdread	54015
ssdread	53159
ssdread	53546
ssdread	50000
ssdread	52042
ssdread	49446
ssdread	53373
ssdread	52270
ssdread	52979
ssdread	51907
ssdread	48840
ssdread	51798
ssdread	49319
ssdread	47733
ssdread	49026
ssdread	50984
ssdread	52025
ssdread	46998
ssdread	47980
ssdread	46768
ssdread	49572
ssdread	46267
ssdread	48159
ssdread	51180
ssdread	49351
ssdread	47187
ssdread	48787
ssdread	46734
ssdread	51751
ssdread	50867
ssdread	48436
ssdread	47218
ssdread	52656
ssdread	47125
ssdread	51253
ssdread	48710
ssdread	49076
ssdread	47005
ssdread	52851
ssdread	48333
ssdread	48152
ssdread	46656
ssdread	51200
ssdread	49393
ssdread	53537
ssdread	48485
ssdread	51780
ssdread	48835
ssdread	48652
ssdread	48201
ssdread	49103
ssdread	51109
ssdread	49024
ssdread	47891
ssdread	51775
ssdread	50660
ssdread	52637
ssdread	50842
ssdread	52504
ssdread	49057
ssdread	52915
ssdread	49445
ssdread	53026
ssdread	49476
ssdread	53071
ssdread	51316
ssdread	51802
ssdread	48087
ssdread	51682
ssdread	47767
ssdread	48468
ssdread	48084
ssdread	48819
ssdread	51047
ssdread	48061
ssdread	51774
ssdread	51748
ssdread	51501
ssdread	48737
ssdread	52723
ssdread	49110
ssdread	51098
ssdread	48765
ssdread	51903
ssdread	47903
ssdread	50610
ssdread	50413
ssdread	47647
ssdread	47384
ssdread	51340
ssdread	50990
ssdread	50459
ssdread	47744
ssdread	46907
ssdread	47580
ssdread	49836
ssdread	51571
ssdread	50624
ssdread	51070
ssdread	50708
ssdread	51337
ssdread	50587
ssdread	47753
ssdread	63592
ssdread	50813
ssdread	47298
ssdread	50808
ssdread	50629
ssdread	50610
ssdread	47567
ssdread	48265
ssdread	46895
ssdread	51050
ssdread	47195
ssdread	47969
ssdread	46836
ssdread	48034
ssdread	50483
ssdread	48102
ssdread	50429
ssdread	48306
ssdread	50962
ssdread	46952
ssdread	47694
ssdread	48001
ssdread	51752
ssdread	48999
ssdread	50878
ssdread	47330
ssdread	47334
ssdread	51077
ssdread	47319
ssdread	51269
ssdread	73455
ssdread	47767
ssdread	47882
ssdread	47429
ssdread	51535
ssdread	51038
ssdread	47332
ssdread	50525
ssdread	51650
ssdread	46913
ssdread	52331
ssdread	47957
ssdread	50926
ssdread	50859
ssdread	48306
ssdread	49903
ssdread	48010
ssdread	50463
ssdread	50864
ssdread	47629
ssdread	50317
ssdread	50891
ssdread	51426
ssdread	47105
ssdread	50767
ssdread	47505
ssdread	50566
ssdread	50776
ssdread	47474
ssdread	50872
ssdread	48389
ssdread	47026
ssdread	51307
ssdread	46980
ssdread	51494
ssdread	46660
ssdread	47207
ssdread	50292
ssdread	51615
ssdread	50383
ssdread	51143
ssdread	50477
ssdread	50688
ssdread	47144
ssdread	47198
ssdread	50746
ssdread	51411
ssdread	47681
ssdread	51105
ssdread	48621
ssdread	51392
ssdread	61182
ssdread	47828
ssdread	47197
ssdread	50385
ssdread	47521
ssdread	57879
ssdread	50739
ssdread	47638
ssdread	47081
ssdread	51573
ssdread	50470
ssdread	48036
ssdread	50411
ssdread	50969
ssdread	50495
ssdread	47363
ssdread	50411
ssdread	47434
ssdread	47335
ssdread	48645
ssdread	51206
ssdread	51424
ssdread	51439
ssdread	51514
ssdread	49933
ssdread	52078
ssdread	51781
ssdread	52620
ssdread	48156
ssdread	50177
ssdread	49691
ssdread	52583
ssdread	47603
ssdread	49272
ssdread	49076
ssdread	52371
ssdread	47718
ssdread	48519
ssdread	46564
ssdread	49366
ssdread	48997
ssdread	48812
ssdread	48568
ssdread	51564
ssdread	51977
ssdread	52790
ssdread	47847
ssdread	52811
ssdread	52049
ssdread	52368
ssdread	51861
ssdread	48344
ssdread	48086
ssdread	48318
ssdread	49139
ssdread	49440
ssdread	47952
ssdread	51863
ssdread	48477
ssdread	52634
ssdread	52472
ssdread	53473
ssdread	48770
ssdread	51362
ssdread	51307
ssdread	47435
ssdread	47321
ssdread	48376
ssdread	47968
ssdread	51224
ssdread	47871
ssdread	51346
ssdread	52743
ssdread	50895
ssdread	50902
ssdread	47202
ssdread	51677
ssdread	50943
ssdread	53353
ssdread	49832
ssdread	49310
ssdread	47412
ssdread	51454
ssdread	51180
ssdread	48647
ssdread	47524
ssdread	51500
ssdread	50232
ssdread	48339
ssdread	50675
ssdread	52011
ssdread	50871
ssdread	47855
ssdread	46755
ssdread	51242
ssdread	50697
ssdread	48689
ssdread	51505
ssdread	56368
ssdread	48556
ssdread	51395
ssdread	47564
ssdread	48590
ssdread	47544
ssdread	48395
ssdread	51192
ssdread	48475
ssdread	46881
ssdread	47185
ssdread	51142
ssdread	50761
ssdread	51650
ssdread	51420
ssdread	51127
ssdread	47799
ssdread	47445
ssdread	48113
ssdread	46867
ssdread	47106
ssdread	50418
ssdread	51215
ssdread	50933
ssdread	48130
ssdread	50346
ssdread	51785
ssdread	53105
ssdread	51594
ssdread	54720
ssdread	47392
ssdread	51087
ssdread	48078
ssdread	49873
ssdread	51469
ssdread	46819
ssdread	51234
ssdread	49839
ssdread	47416
ssdread	48015
ssdread	50945
ssdread	65723
ssdread	52094
ssdread	47333
ssdread	50943
ssdread	50710
ssdread	50735
ssdread	47264
ssdread	48300
ssdread	51068
ssdread	51335
ssdread	51144
ssdread	47414
ssdread	46592
ssdread	47376
ssdread	50209
ssdread	47476
ssdread	46990
ssdread	51410
ssdread	46516
ssdread	52988
ssdread	51369
ssdread	60602
ssdread	50984
ssdread	47362
ssdread	47516
ssdread	50754
ssdread	49308
ssdread	50857
ssdread	47257
ssdread	46970
ssdread	47916
ssdread	50879
ssdread	50338
ssdread	50870
ssdread	47582
ssdread	51270
ssdread	51044
ssdread	47789
ssdread	50195
ssdread	49298
ssdread	60371
ssdread	47877
ssdread	46846
ssdread	47795
ssdread	47482
ssdread	47238
ssdread	50703
ssdread	48333
ssdread	46880
ssdread	47961
ssdread	50740
ssdread	63160
ssdread	64152
ssdread	49740
ssdread	47680
ssdread	50062
ssdread	50791
ssdread	47433
ssdread	51235
ssdread	51428
ssdread	47463
ssdread	47556
ssdread	50840
ssdread	50962
ssdread	47404
ssdread	47612
ssdread	50648
ssdread	50808
ssdread	50769
ssdread	50873
ssdread	47062
ssdread	46609
ssdread	47625
ssdread	46838
ssdread	51243
ssdread	47306
ssdread	47771
ssdread	50871
ssdread	51264
ssdread	50329
ssdread	51388
ssdread	52328
ssdread	47627
ssdread	50186
ssdread	47627
ssdread	50311
ssdread	51160
ssdread	47016
ssdread	50501
ssdread	47197
ssdread	47954
ssdread	50007
ssdread	47629
ssdread	46659
ssdread	48920
ssdread	50293
ssdread	47906
ssdread	46839
ssdread	50639
ssdread	52215
ssdread	51396
ssdread	47348
ssdread	51000
ssdread	47153
ssdread	50207
ssdread	49861
ssdread	50328
ssdread	46921
ssdread	47137
ssdread	46905
ssdread	47467
ssdread	50809
ssdread	51218
ssdread	47929
ssdread	47802
ssdread	50997
ssdread	47414
ssdread	49985
ssdread	47460
ssdread	50497
ssdread	51915
ssdread	46778
ssdread	50851
ssdread	47760
ssdread	50946
ssdread	50480
ssdread	51047
ssdread	50444
ssdread	50720
ssdread	50640
ssdread	61413
ssdread	60034
ssdread	46850
ssdread	47042
ssdread	46999
ssdread	50053
ssdread	51038
ssdread	49319
ssdread	47450
ssdread	51125
ssdread	61318
ssdread	46417
ssdread	47175
ssdread	50217
ssdread	46988
ssdread	46696
ssdread	47203
ssdread	46141
ssdread	47124
ssdread	52505
ssdread	50373
ssdread	47282
ssdread	50461
ssdread	50965
ssdread	50404
ssdread	50696
ssdread	50274
ssdread	47013
ssdread	49992
ssdread	47123
ssdread	51357
ssdread	47571
ssdread	49574
ssdread	49985
ssdread	50217
ssdread	47317
ssdread	46831
ssdread	46988
ssdread	50190
ssdread	47228
ssdread	50400
ssdread	50336
ssdread	50642
ssdread	50093
ssdread	47337
ssdread	46831
ssdread	50179
ssdread	50078
ssdread	46708
ssdread	50754
ssdread	46230
ssdread	50834
ssdread	63453
ssdread	47187
ssdread	46653
ssdread	46669
ssdread	47349
ssdread	50050
ssdread	46896
ssdread	50762
ssdread	46365
ssdread	50350
ssdread	49679
ssdread	49887
ssdread	46325
ssdread	47036
ssdread	46700
ssdread	50214
ssdread	50351
ssdread	46907
ssdread	47573
ssdread	51483
ssdread	49200
ssdread	50076
ssdread	50094
ssdread	47185
ssdread	46365
ssdread	50041
ssdread	50221
ssdread	52834
ssdread	71474
ssdread	47489
ssdread	47197
ssdread	46648
ssdread	50490
ssdread	46821
ssdread	50247
ssdread	47158
ssdread	47107
ssdread	46739
ssdread	50091
ssdread	46825
ssdread	47503
ssdread	50240
ssdread	47519
ssdread	49832
ssdread	47313
ssdread	46720
ssdread	50169
ssdread	50271
ssdread	50743
ssdread	46571
ssdread	46872
ssdread	46673
ssdread	50268
ssdread	49886
ssdread	46710
ssdread	50248
ssdread	46780
ssdread	46699
ssdread	46318
ssdread	50466
ssdread	47150
ssdread	49752
ssdread	46904
ssdread	49593
ssdread	50699
ssdread	46352
ssdread	46766
ssdread	50195
ssdread	46460
ssdread	50531
ssdread	50591
ssdread	46656
ssdread	50480
ssdread	46557
ssdread	50099
ssdread	49246
ssdread	50301
ssdread	46550
ssdread	46737
ssdread	46345
ssdread	47785
ssdread	50464
ssdread	50601
ssdread	50242
ssdread	50782
ssdread	46074
ssdread	47034
ssdread	49636
ssdread	46991
ssdread	46361
ssdread	49862
ssdread	49630
ssdread	46830
ssdread	50181
ssdread	50669
ssdread	93400
ssdread	51848
ssdread	51611
ssdread	50595
ssdread	50817
ssdread	49375
ssdread	94758
ssdread	86842
ssdread	47868
ssdread	50360
ssdread	48431
ssdread	50807
ssdread	47706
ssdread	50454
ssdread	46937
ssdread	46763
ssdread	46001
ssdread	47546
ssdread	46495
ssdread	47694
ssdread	49952
ssdread	46780
ssdread	47101
ssdread	50770
ssdread	50565
ssdread	47244
ssdread	50159
ssdread	48295
ssdread	50846
ssdread	51339
ssdread	50745
ssdread	51510
ssdread	50948
ssdread	47856
ssdread	46385
ssdread	50352
ssdread	46890
ssdread	51030
ssdread	65865
ssdread	46834
ssdread	49907
ssdread	47490
ssdread	49900
ssdread	47648
ssdread	50631
ssdread	47492
ssdread	46766
ssdread	47276
ssdread	50975
ssdread	51891
ssdread	47371
ssdread	50480
ssdread	50330
ssdread	50241
ssdread	47475
ssdread	50612
ssdread	49943
ssdread	47965
ssdread	46758
ssdread	48259
ssdread	50836
ssdread	47070
ssdread	49711
ssdread	46456
ssdread	47277
ssdread	46944
ssdread	50075
ssdread	47015
ssdread	47450
ssdread	50826
ssdread	50836
ssdread	46717
ssdread	50224
ssdread	47089
ssdread	50739
ssdread	47057
ssdread	50486
ssdread	50560
ssdread	46774
ssdread	50102
ssdread	50494
ssdread	46850
ssdread	46388
ssdread	51742
ssdread	50630
ssdread	46967
ssdread	50108
ssdread	50998
ssdread	47037
ssdread	50458
ssdread	50519
ssdread	47739
ssdread	50486
ssdread	50770
ssdread	50526
ssdread	47437
ssdread	49809
ssdread	46887
ssdread	49695
ssdread	50468
ssdread	49862
ssdread	46926
ssdread	50002
ssdread	47390
ssdread	47375
ssdread	51551
ssdread	50411
ssdread	47016
ssdread	49846
ssdread	51336
ssdread	47694
ssdread	51357
ssdread	49988
ssdread	50557
ssdread	46527
ssdread	47243
ssdread	49077
ssdread	49560
ssdread	45653
ssdread	49657
ssdread	54561
ssdread	46800
ssdread	46068
ssdread	49533
ssdread	45975
ssdread	47721
ssdread	50097
ssdread	46983
ssdread	49958
ssdread	47289
ssdread	50184
ssdread	50435
ssdread	46749
ssdread	49844
ssdread	50015
ssdread	50277
ssdread	46592
ssdread	47189
ssdread	46271
ssdread	46767
ssdread	47096
ssdread	49839
ssdread	46214
ssdread	46691
ssdread	46597
ssdread	47549
ssdread	46894
ssdread	46713
ssdread	46665
ssdread	46410
ssdread	47015
ssdread	50402
ssdread	49621
ssdread	46933
ssdread	49269
ssdread	50159
ssdread	46741
ssdread	46785
ssdread	50072
ssdread	50811
ssdread	49726
ssdread	47026
ssdread	46450
ssdread	47001
ssdread	49990
ssdread	49778
ssdread	47185
ssdread	50846
ssdread	50349
ssdread	47424
ssdread	46750
ssdread	47727
ssdread	47064
ssdread	50281
ssdread	46715
ssdread	46644
ssdread	50446
ssdread	47063
ssdread	50490
ssdread	47685
ssdread	47034
ssdread	46124
ssdread	46804
ssdread	47016
ssdread	46424
ssdread	46362
ssdread	54324
ssdread	123909
ssdread	94484
ssdread	90572
ssdread	86691
ssdread	91504
ssdread	93285
ssdread	50926
ssdread	50786
ssdread	46854
ssdread	50652
ssdread	46985
ssdread	50668
ssdread	47856
ssdread	50005
ssdread	50772
ssdread	47605
ssdread	47517
ssdread	50903
ssdread	47279
ssdread	50975
ssdread	50187
ssdread	47411
ssdread	47014
ssdread	46926
ssdread	50395
ssdread	50653
ssdread	50403
ssdread	50749
ssdread	54523
ssdread	47230
ssdread	46561
ssdread	50912
ssdread	50085
ssdread	47673
ssdread	47541
ssdread	50474
ssdread	49977
ssdread	47078
ssdread	49688
ssdread	47473
ssdread	50712
ssdread	49964
ssdread	46842
ssdread	46758
ssdread	62642
ssdread	64737
ssdread	47206
ssdread	47140
ssdread	49842
ssdread	50342
ssdread	46780
ssdread	50317
ssdread	47060
ssdread	50624
ssdread	47646
ssdread	50021
ssdread	49979
ssdread	47518
ssdread	46930
ssdread	49638
ssdread	50532
ssdread	46807
ssdread	50139
ssdread	46061
ssdread	47283
ssdread	50033
ssdread	49985
ssdread	50014
ssdread	50342
ssdread	50309
ssdread	50664
ssdread	47025
ssdread	50423
ssdread	46447
ssdread	53986
ssdread	49969
ssdread	50478
ssdread	50331
ssdread	47215
ssdread	50221
ssdread	47114
ssdread	47197
ssdread	50641
ssdread	50416
ssdread	50859
ssdread	49892
ssdread	57173
ssdread	64525
ssdread	46686
ssdread	49691
ssdread	51015
ssdread	50864
ssdread	47470
ssdread	50104
ssdread	47871
ssdread	64524
ssdread	60113
ssdread	46849
ssdread	47181
ssdread	47512
ssdread	50842
ssdread	47285
ssdread	46310
ssdread	47201
ssdread	49836
ssdread	46912
ssdread	47241
ssdread	50779
ssdread	50175
ssdread	46775
ssdread	50077
ssdread	58680
ssdread	59785
ssdread	50466
ssdread	46468
ssdread	51405
ssdread	50461
ssdread	50359
ssdread	46436
ssdread	50368
ssdread	49658
ssdread	51122
ssdread	46756
ssdread	50439
ssdread	46326
ssdread	47155
ssdread	46938
ssdread	51209
ssdread	50026
ssdread	47592
ssdread	50410
ssdread	50644
ssdread	46808
ssdread	50768
ssdread	50738
ssdread	50727
ssdread	50715
ssdread	50517
ssdread	49834
ssdread	50449
ssdread	50279
ssdread	50482
ssdread	46356
ssdread	47011
ssdread	46472
ssdread	50297
ssdread	46280
ssdread	50476
ssdread	47403
ssdread	47219
ssdread	46380
ssdread	47453
ssdread	50256
ssdread	46985
ssdread	52260
ssdread	48390
ssdread	50285
ssdread	50552
ssdread	47056
ssdread	47038
ssdread	50288
ssdread	50384
ssdread	47098
ssdread	50271
ssdread	47024
ssdread	50383
ssdread	50391
ssdread	50391
ssdread	49930
ssdread	47514
ssdread	46681
ssdread	49757
ssdread	49833
ssdread	49951
ssdread	46695
ssdread	51092
ssdread	49949
ssdread	46810
ssdread	46366
ssdread	46900
ssdread	49970
ssdread	46965
ssdread	46841
ssdread	47373
ssdread	50077
ssdread	47517
ssdread	46275
ssdread	47336
ssdread	46903
ssdread	50314
ssdread	50016
ssdread	50125
ssdread	50058
ssdread	60335
ssdread	62744
ssdread	51002
ssdread	50692
ssdread	46560
ssdread	50616
ssdread	50372
ssdread	48037
ssdread	50139
ssdread	50741
ssdread	50188
ssdread	47448
ssdread	46778
ssdread	50804
ssdread	50343
ssdread	50375
ssdread	46759
ssdread	50473
ssdread	50259
ssdread	46576
ssdread	46892
ssdread	50175
ssdread	50517
ssdread	50767
ssdread	50119
ssdread	46734
ssdread	49675
ssdread	47067
ssdread	46702
ssdread	50517
ssdread	49818
ssdread	50898
ssdread	49630
ssdread	50329
ssdread	50275
ssdread	49607
ssdread	50781
ssdread	50311
ssdread	46933
ssdread	46405
ssdread	50327
ssdread	56538
ssdread	46991
ssdread	46722
ssdread	50027
ssdread	50262
ssdread	50351
ssdread	50414
ssdread	47543
ssdread	51063
ssdread	49976
ssdread	46344
ssdread	46490
ssdread	50220
ssdread	63880
ssdread	62842
ssdread	46832
ssdread	49830
ssdread	46560
ssdread	46279
ssdread	50132
ssdread	50209
ssdread	46994
ssdread	47053
ssdread	46972
ssdread	49899
ssdread	46742
ssdread	49697
ssdread	50080
ssdread	49589
ssdread	50342
ssdread	49752
ssdread	46637
ssdread	50050
ssdread	49407
ssdread	49754
ssdread	50410
ssdread	45967
ssdread	49994
ssdread	46177
ssdread	49966
ssdread	46961
ssdread	49244
ssdread	51391
ssdread	50464
ssdread	50502
ssdread	49531
ssdread	50236
ssdread	46050
ssdread	49670
ssdread	45865
ssdread	49821
ssdread	49858
ssdread	59288
ssdread	60439
ssdread	50402
ssdread	50028
ssdread	47074
ssdread	49947
ssdread	49482
ssdread	49576
ssdread	46376
ssdread	47237
ssdread	45831
ssdread	49646
ssdread	46070
ssdread	46169
ssdread	46327
ssdread	49954
ssdread	50132
ssdread	47343
ssdread	47020
ssdread	50104
ssdread	50064
ssdread	47143
ssdread	50200
ssdread	50489
ssdread	47147
ssdread	50287
ssdread	46968
ssdread	50262
ssdread	50611
ssdread	50846
ssdread	47589
ssdread	47365
ssdread	50203
ssdread	50891
ssdread	50120
ssdread	47270
ssdread	50472
ssdread	47757
ssdread	46918
ssdread	46913
ssdread	47241
ssdread	47059
ssdread	208012
ssdread	52609
ssdread	47447
ssdread	47193
ssdread	47515
ssdread	46811
ssdread	46739
ssdread	50734
ssdread	50702
ssdread	50356
ssdread	47166
ssdread	47185
ssdread	50444
ssdread	47154
ssdread	50081
ssdread	56242
ssdread	50492
ssdread	52208
ssdread	50277
ssdread	46568
ssdread	49424
ssdread	50432
ssdread	47021
ssdread	50104
ssdread	49930
ssdread	50816
ssdread	46633
ssdread	47346
ssdread	46754
ssdread	47496
ssdread	50231
ssdread	50888
ssdread	50846
ssdread	46363
ssdread	49631
ssdread	47012
ssdread	49857
ssdread	50209
ssdread	49907
ssdread	53249
ssdread	46199
ssdread	46709
ssdread	49881
ssdread	47083
ssdread	46376
ssdread	46537
ssdread	184087
ssdread	117853
ssdread	94984
ssdread	107403
ssdread	89098
ssdread	85203
ssdread	90888
ssdread	92018
ssdread	51749
ssdread	47419
ssdread	47640
ssdread	48030
ssdread	47750
ssdread	46629
ssdread	51426
ssdread	47174
ssdread	50764
ssdread	47189
ssdread	52255
ssdread	48189
ssdread	75248
ssdread	53049
ssdread	50812
ssdread	54722
ssdread	50072
ssdread	51993
ssdread	47124
ssdread	51447
ssdread	47082
ssdread	75451
ssdread	56048
ssdread	48258
ssdread	48092
ssdread	47534
ssdread	48128
ssdread	50243
ssdread	50993
ssdread	50559
ssdread	48187
ssdread	47287
ssdread	50602
ssdread	47188
ssdread	51753
ssdread	47051
ssdread	51938
ssdread	50547
ssdread	47794
ssdread	47343
ssdread	47314
ssdread	50507
ssdread	48019
ssdread	47647
ssdread	50776
ssdread	50715
ssdread	51094
ssdread	46332
ssdread	51883
ssdread	48339
ssdread	46534
ssdread	51725
ssdread	47628
ssdread	50635
ssdread	47876
ssdread	52200
ssdread	47790
ssdread	48004
ssdread	52284
ssdread	48907
ssdread	49388
ssdread	50555
ssdread	51813
ssdread	51556
ssdread	47976
ssdread	50735
ssdread	50966
ssdread	51966
ssdread	61935
ssdread	66710
ssdread	48413
ssdread	51919
ssdread	52176
ssdread	51817
ssdread	52125
ssdread	51365
ssdread	51454
ssdread	51034
ssdread	51570
ssdread	52357
ssdread	48018
ssdread	51507
ssdread	52715
ssdread	52421
ssdread	73852
ssdread	49008
ssdread	52225
ssdread	50214
ssdread	52415
ssdread	50755
ssdread	50930
ssdread	77189
ssdread	50925
ssdread	46890
ssdread	51484
ssdread	50272
ssdread	83108
ssdread	48362
ssdread	48679
ssdread	56169
ssdread	83583
ssdread	95617
ssdread	85404
ssdread	86316
ssdread	127842
ssdread	85827
ssdread	51759
ssdread	51737
ssdread	52108
ssdread	46668
ssdread	47395
ssdread	47682
ssdread	48124
ssdread	51012
ssdread	52194
ssdread	47610
ssdread	48660
ssdread	51260
ssdread	50553
ssdread	47649
ssdread	50070
ssdread	50715
ssdread	50459
ssdread	67003
ssdread	62196
ssdread	54840
ssdread	51919
ssdread	53690
ssdread	51401
ssdread	47423
ssdread	48389
ssdread	47221
ssdread	50454
ssdread	47963
ssdread	47139
ssdread	50480
ssdread	50595
ssdread	51252
ssdread	50420
ssdread	50668
ssdread	51360
ssdread	47595
ssdread	52507
ssdread	50374
ssdread	51588
ssdread	47769
ssdread	62037
ssdread	64396
ssdread	50082
ssdread	50811
ssdread	48179
ssdread	53032
ssdread	51178
ssdread	47789
ssdread	50546
ssdread	48370
ssdread	50824
ssdread	47368
ssdread	47275
ssdread	50931
ssdread	47404
ssdread	51215
ssdread	47297
ssdread	47618
ssdread	47821
ssdread	50695
ssdread	48443
ssdread	50970
ssdread	50346
ssdread	50999
ssdread	50493
ssdread	51000
ssdread	53414
ssdread	48901
ssdread	47548
ssdread	51653
ssdread	50912
ssdread	52600
ssdread	52262
ssdread	52252
ssdread	47537
ssdread	47807
ssdread	51642
ssdread	48543
ssdread	48293
ssdread	50841
ssdread	47399
ssdread	50634
ssdread	50522
ssdread	49746
ssdread	53072
ssdread	64344
ssdread	58300
ssdread	64865
ssdread	58740
ssdread	52071
ssdread	52191
ssdread	57068
ssdread	54549
ssdread	53640
ssdread	54161
ssdread	54968
ssdread	54503
ssdread	51457
ssdread	54212
ssdread	56275
ssdread	56271
ssdread	50399
ssdread	55488
ssdread	51972
ssdread	52556
ssdread	56222
ssdread	52579
ssdread	51626
ssdread	53621
ssdread	64335
ssdread	61743
ssdread	48708
ssdread	47978
ssdread	47371
ssdread	55144
ssdread	47628
ssdread	50938
ssdread	51259
ssdread	48525
ssdread	52774
ssdread	46684
ssdread	62074
ssdread	56347
ssdread	52677
ssdread	52013
ssdread	50717
ssdread	47635
ssdread	48017
ssdread	50625
ssdread	47191
ssdread	50857
ssdread	47461
ssdread	47430
ssdread	50774
ssdread	47835
ssdread	48534
ssdread	50874
ssdread	47467
ssdread	51271
ssdread	47627
ssdread	50835
ssdread	51496
ssdread	62694
ssdread	48756
ssdread	51658
ssdread	47770
ssdread	47475
ssdread	51072
ssdread	47652
ssdread	51164
ssdread	47652
ssdread	51600
ssdread	51171
ssdread	50795
ssdread	46452
ssdread	47880
ssdread	47944
ssdread	50473
ssdread	51442
ssdread	58236
ssdread	52555
ssdread	47909
ssdread	47366
ssdread	51314
ssdread	50774
ssdread	47929
ssdread	47479
ssdread	47591
ssdread	47935
ssdread	47173
ssdread	48000
ssdread	50372
ssdread	48160
ssdread	49890
ssdread	49937
ssdread	50518
ssdread	47662
ssdread	46815
ssdread	50262
ssdread	47192
ssdread	47241
ssdread	46253
ssdread	46895
ssdread	50798
ssdread	47461
ssdread	50891
ssdread	46979
ssdread	46168
ssdread	50922
ssdread	50416
ssdread	47649
ssdread	50572
ssdread	47338
ssdread	47152
ssdread	46220
ssdread	50466
ssdread	48190
ssdread	50162
ssdread	51333
ssdread	60629
ssdread	47250
ssdread	47477
ssdread	49859
ssdread	50266
ssdread	51561
ssdread	50597
ssdread	50283
ssdread	46672
ssdread	48457
ssdread	47074
ssdread	49952
ssdread	46913
ssdread	50722
ssdread	47285
ssdread	47143
ssdread	46023
ssdread	51708
ssdread	50800
ssdread	50658
ssdread	46980
ssdread	51675
ssdread	47717
ssdread	50660
ssdread	46206
ssdread	54919
ssdread	51349
ssdread	50521
ssdread	49902
ssdread	50415
ssdread	50007
ssdread	46856
ssdread	47285
ssdread	46568
ssdread	57981
ssdread	50455
ssdread	50504
ssdread	48297
ssdread	46704
ssdread	50374
ssdread	46558
ssdread	48326
ssdread	46412
ssdread	46165
ssdread	47035
ssdread	47509
ssdread	47472
ssdread	50223
ssdread	50406
ssdread	48356
ssdread	50331
ssdread	47199
ssdread	46684
ssdread	58179
ssdread	47194
ssdread	64700
ssdread	64560
ssdread	50006
ssdread	50106
ssdread	47426
ssdread	51363
ssdread	50437
ssdread	50585
ssdread	47079
ssdread	47772
ssdread	46820
ssdread	77616
ssdread	50998
ssdread	50286
ssdread	51144
ssdread	51066
ssdread	50648
ssdread	50622
ssdread	73876
ssdread	50740
ssdread	50900
ssdread	46876
ssdread	62896
ssdread	60486
ssdread	85779
ssdread	48324
ssdread	46073
ssdread	53038
ssdread	123975
ssdread	103611
ssdread	53927
ssdread	50779
ssdread	51375
ssdread	50956
ssdread	50791
ssdread	47082
ssdread	50914
ssdread	50765
ssdread	47133
ssdread	48143
ssdread	50702
ssdread	50556
ssdread	48241
ssdread	47475
ssdread	50487
ssdread	48170
ssdread	47461
ssdread	50686
ssdread	47355
ssdread	47568
ssdread	51629
ssdread	50947
ssdread	50303
ssdread	50973
ssdread	51065
ssdread	47596
ssdread	50817
ssdread	47046
ssdread	47611
ssdread	50984
ssdread	47585
ssdread	47318
ssdread	47297
ssdread	51008
ssdread	47003
ssdread	50578
ssdread	50643
ssdread	50685
ssdread	46647
ssdread	50647
ssdread	50749
ssdread	50861
ssdread	50503
ssdread	50412
ssdread	46723
ssdread	51049
ssdread	50913
ssdread	47072
ssdread	47173
ssdread	50157
ssdread	51230
ssdread	50105
ssdread	47176
ssdread	50314
ssdread	50214
ssdread	50349
ssdread	50705
ssdread	46886
ssdread	46223
ssdread	50314
ssdread	50250
ssdread	50326
ssdread	50472
ssdread	46807
ssdread	46877
ssdread	49600
ssdread	50030
ssdread	49856
ssdread	49779
ssdread	46364
ssdread	47033
ssdread	49673
ssdread	46936
ssdread	50292
ssdread	50418
ssdread	50692
ssdread	50323
ssdread	50735
ssdread	52305
ssdread	47180
ssdread	50214
ssdread	47010
ssdread	46851
ssdread	46461
ssdread	50280
ssdread	46746
ssdread	50348
ssdread	50926
ssdread	50511
ssdread	47043
ssdread	47006
ssdread	47066
ssdread	47442
ssdread	46499
ssdread	49939
ssdread	46306
ssdread	51204
ssdread	47759
ssdread	50296
ssdread	47313
ssdread	46369
ssdread	50761
ssdread	51248
ssdread	47447
ssdread	47180
ssdread	49772
ssdread	50410
ssdread	46935
ssdread	50500
ssdread	46740
ssdread	50746
ssdread	47469
ssdread	51202
ssdread	46905
ssdread	50500
ssdread	50525
ssdread	54895
ssdread	51090
ssdread	46749
ssdread	46510
ssdread	50072
ssdread	47087
ssdread	45868
ssdread	46468
ssdread	49852
ssdread	46320
ssdread	50121
ssdread	46417
ssdread	50134
ssdread	50115
ssdread	47178
ssdread	47302
ssdread	50333
ssdread	50463
ssdread	65833
ssdread	61320
ssdread	51005
ssdread	50588
ssdread	46896
ssdread	46485
ssdread	46846
ssdread	46487
ssdread	50004
ssdread	46378
ssdread	46812
ssdread	47255
ssdread	47122
ssdread	50541
ssdread	50925
ssdread	46985
ssdread	50637
ssdread	60205
ssdread	59590
ssdread	50134
ssdread	46503
ssdread	50798
ssdread	49825
ssdread	47069
ssdread	50117
ssdread	50100
ssdread	50088
ssdread	46769
ssdread	50184
ssdread	47351
ssdread	51144
ssdread	50253
ssdread	49840
ssdread	50604
ssdread	50302
ssdread	46721
ssdread	46975
ssdread	50709
ssdread	46564
ssdread	46436
ssdread	50322
ssdread	50153
ssdread	47472
ssdread	51341
ssdread	47259
ssdread	46460
ssdread	50186
ssdread	46589
ssdread	50434
ssdread	48945
ssdread	49945
ssdread	47043
ssdread	51894
ssdread	47194
ssdread	47523
ssdread	46855
ssdread	50537
ssdread	72395
ssdread	63171
ssdread	47584
ssdread	51093
ssdread	47352
ssdread	47141
ssdread	54532
ssdread	51309
ssdread	47174
ssdread	47086
ssdread	46765
ssdread	47100
ssdread	50376
ssdread	47353
ssdread	47607
ssdread	46830
ssdread	50552
ssdread	51010
ssdread	50891
ssdread	50863
ssdread	52019
ssdread	47339
ssdread	50149
ssdread	47453
ssdread	51903
ssdread	50296
ssdread	51627
ssdread	47241
ssdread	46834
ssdread	50635
ssdread	51292
ssdread	47513
ssdread	62499
ssdread	60805
ssdread	50514
ssdread	50217
ssdread	50675
ssdread	47638
ssdread	46714
ssdread	47145
ssdread	47515
ssdread	47240
ssdread	46451
ssdread	47293
ssdread	47172
ssdread	46664
ssdread	51188
ssdread	50891
ssdread	50751
ssdread	47499
ssdread	50429
ssdread	47531
ssdread	50082
ssdread	50516
ssdread	50641
ssdread	46679
ssdread	50931
ssdread	47203
ssdread	58165
ssdread	52075
ssdread	53466
ssdread	57231
ssdread	48939
ssdread	51843
ssdread	48606
ssdread	54508
ssdread	49301
ssdread	48082
ssdread	48785
ssdread	47397
ssdread	51827
ssdread	51566
ssdread	50817
ssdread	50846
ssdread	50827
ssdread	50697
ssdread	51140
ssdread	47811
ssdread	51446
ssdread	54928
ssdread	47617
ssdread	47700
ssdread	48469
ssdread	50538
ssdread	50876
ssdread	51723
ssdread	53446
ssdread	48273
ssdread	47750
ssdread	50188
ssdread	47471
ssdread	50525
ssdread	50772
ssdread	47206
ssdread	50164
ssdread	53049
ssdread	48706
ssdread	46623
ssdread	47407
ssdread	46695
ssdread	51134
ssdread	51022
ssdread	47370
ssdread	47566
ssdread	49893
ssdread	50274
ssdread	51337
ssdread	50843
ssdread	50010
ssdread	47192
ssdread	47466
ssdread	47451
ssdread	54305
ssdread	46970
ssdread	47271
ssdread	47508
ssdread	46453
ssdread	50640
ssdread	50302
ssdread	50177
ssdread	50659
ssdread	50222
ssdread	47353
ssdread	46933
ssdread	50553
ssdread	47186
ssdread	50946
ssdread	50709
ssdread	51021
ssdread	51010
ssdread	47953
ssdread	47400
ssdread	50557
ssdread	50185
ssdread	46715
ssdread	50575
ssdread	50331
ssdread	47028
ssdread	50268
ssdread	47173
ssdread	50206
ssdread	50820
ssdread	50399
ssdread	50553
ssdread	49615
ssdread	49968
ssdread	51198
ssdread	50073
ssdread	47334
ssdread	50346
ssdread	50640
ssdread	47597
ssdread	46419
ssdread	50105
ssdread	46970
ssdread	47749
ssdread	46693
ssdread	46533
ssdread	50074
ssdread	50522
ssdread	50677
ssdread	50777
ssdread	47022
ssdread	47341
ssdread	50165
ssdread	47539
ssdread	49427
ssdread	50544
ssdread	47051
ssdread	50090
ssdread	47059
ssdread	50962
ssdread	47077
ssdread	50278
ssdread	46648
ssdread	47153
ssdread	50146
ssdread	50608
ssdread	50644
ssdread	50196
ssdread	46600
ssdread	47447
ssdread	50318
ssdread	47497
ssdread	47416
ssdread	47363
ssdread	47169
ssdread	50520
ssdread	56487
ssdread	50965
ssdread	47419
ssdread	50567
ssdread	50664
ssdread	49985
ssdread	46807
ssdread	49815
ssdread	50470
ssdread	50389
ssdread	50106
ssdread	50221
ssdread	49923
ssdread	47370
ssdread	50741
ssdread	50340
ssdread	47343
ssdread	50624
ssdread	49695
ssdread	50557
ssdread	51095
ssdread	47097
ssdread	50025
ssdread	46911
ssdread	50159
ssdread	52663
ssdread	47084
ssdread	50841
ssdread	46605
ssdread	47046
ssdread	47185
ssdread	50652
ssdread	50559
ssdread	49851
ssdread	46575
ssdread	50141
ssdread	47570
ssdread	50444
ssdread	46901
ssdread	50326
ssdread	47673
ssdread	47391
ssdread	49995
ssdread	50433
ssdread	46875
ssdread	46896
ssdread	47104
ssdread	50308
ssdread	47292
ssdread	47165
ssdread	47125
ssdread	50230
ssdread	50496
ssdread	50171
ssdread	62493
ssdread	50781
ssdread	49687
ssdread	46738
ssdread	50046
ssdread	51672
ssdread	49226
ssdread	50458
ssdread	47226
ssdread	50700
ssdread	49914
ssdread	47168
ssdread	51319
ssdread	51252
ssdread	46770
ssdread	49972
ssdread	50029
ssdread	46962
ssdread	47551
ssdread	49910
ssdread	49657
ssdread	50373
ssdread	49321
ssdread	46538
ssdread	50726
ssdread	49945
ssdread	47572
ssdread	47377
ssdread	54164
ssdread	47383
ssdread	50070
ssdread	47302
ssdread	47233
ssdread	47012
ssdread	50441
ssdread	54097
ssdread	47178
ssdread	50855
ssdread	47095
ssdread	46457
ssdread	49925
ssdread	50372
ssdread	46680
ssdread	50147
ssdread	46828
ssdread	47026
ssdread	48371
ssdread	51715
ssdread	47171
ssdread	47060
ssdread	47111
ssdread	50530
ssdread	50541
ssdread	49503
ssdread	49919
ssdread	46830
ssdread	50260
ssdread	50041
ssdread	50875
ssdread	47071
ssdread	59228
ssdread	60490
ssdread	49917
ssdread	46642
ssdread	47252
ssdread	50231
ssdread	50775
ssdread	49783
ssdread	50503
ssdread	46808
ssdread	46992
ssdread	50162
ssdread	48296
ssdread	50073
ssdread	49591
ssdread	50602
ssdread	69113
ssdread	60264
ssdread	50320
ssdread	50921
ssdread	46501
ssdread	50327
ssdread	50350
ssdread	50438
ssdread	46777
ssdread	50446
ssdread	47301
ssdread	51016
ssdread	50310
ssdread	50722
ssdread	47418
ssdread	50761
ssdread	47320
ssdread	50294
ssdread	46662
ssdread	47137
ssdread	50840
ssdread	51362
ssdread	46457
ssdread	50283
ssdread	50172
ssdread	50231
ssdread	49844
ssdread	50422
ssdread	53431
ssdread	47343
ssdread	54659
ssdread	51596
ssdread	47238
ssdread	53905
ssdread	49796
ssdread	50497
ssdread	49822
ssdread	46563
ssdread	46739
ssdread	50197
ssdread	50668
ssdread	50133
ssdread	47471
ssdread	46612
ssdread	47408
ssdread	46975
ssdread	49841
ssdread	50267
ssdread	50288
ssdread	50921
ssdread	50191
ssdread	47558
ssdread	50377
ssdread	50483
ssdread	49945
ssdread	49992
ssdread	50043
ssdread	50270
ssdread	50265
ssdread	50575
ssdread	50717
ssdread	50663
ssdread	50007
ssdread	47191
ssdread	50134
ssdread	46915
ssdread	50432
ssdread	47486
ssdread	49790
ssdread	48047
ssdread	51292
ssdread	51063
ssdread	50537
ssdread	50238
ssdread	50203
ssdread	47612
ssdread	50897
ssdread	51014
ssdread	50638
ssdread	50369
ssdread	46870
ssdread	50037
ssdread	46584
ssdread	49999
ssdread	47057
ssdread	50289
ssdread	49863
ssdread	46947
ssdread	51021
ssdread	47238
ssdread	47240
ssdread	58825
ssdread	62537
ssdread	50125
ssdread	50669
ssdread	46456
ssdread	46629
ssdread	49984
ssdread	47874
ssdread	50506
ssdread	50406
ssdread	47062
ssdread	50052
ssdread	46926
ssdread	51310
ssdread	47548
ssdread	50884
ssdread	51860
ssdread	46959
ssdread	50656
ssdread	53177
ssdread	49875
ssdread	50122
ssdread	59802
ssdread	58989
ssdread	49529
ssdread	49797
ssdread	46533
ssdread	46970
ssdread	50221
ssdread	49832
ssdread	49947
ssdread	46708
ssdread	59179
ssdread	60515
ssdread	49660
ssdread	47437
ssdread	47420
ssdread	50344
ssdread	48788
ssdread	48595
ssdread	46555
ssdread	50429
ssdread	50031
ssdread	49517
ssdread	49891
ssdread	49935
ssdread	47138
ssdread	46717
ssdread	49309
ssdread	49912
ssdread	49784
ssdread	49931
ssdread	50184
ssdread	50789
ssdread	46371
ssdread	46250
ssdread	46787
ssdread	50408
ssdread	46282
ssdread	46492
ssdread	46879
ssdread	50544
ssdread	49881
ssdread	47397
ssdread	46565
ssdread	66405
ssdread	59610
ssdread	49651
ssdread	46371
ssdread	46462
ssdread	50378
ssdread	50120
ssdread	49970
ssdread	50489
ssdread	50219
ssdread	49502
ssdread	46706
ssdread	49747
ssdread	50645
ssdread	52746
ssdread	46835
ssdread	49897
ssdread	49689
ssdread	50124
ssdread	47131
ssdread	46512
ssdread	49992
ssdread	46543
ssdread	53754
ssdread	46956
ssdread	49544
ssdread	46777
ssdread	46433
ssdread	50156
ssdread	49835
ssdread	49692
ssdread	50261
ssdread	46569
ssdread	49721
ssdread	47922
ssdread	46728
ssdread	49894
ssdread	49679
ssdread	47017
ssdread	49815
ssdread	49691
ssdread	49717
ssdread	46703
ssdread	49478
ssdread	46374
ssdread	46595
ssdread	46143
ssdread	46736
ssdread	46670
ssdread	46012
ssdread	49851
ssdread	49881
ssdread	49817
ssdread	49795
ssdread	47086
ssdread	50272
ssdread	46936
ssdread	49827
ssdread	47247
ssdread	46466
ssdread	47048
ssdread	46508
ssdread	55253
ssdread	46576
ssdread	49956
ssdread	50010
ssdread	50413
ssdread	46936
ssdread	46662
ssdread	50002
ssdread	46478
ssdread	46475
ssdread	50412
ssdread	50113
ssdread	49379
ssdread	49173
ssdread	51882
ssdread	46865
ssdread	57405
ssdread	60054
ssdread	46403
ssdread	59750
ssdread	49682
ssdread	50219
ssdread	50099
ssdread	50457
ssdread	47028
ssdread	46510
ssdread	45926
ssdread	51033
ssdread	49446
ssdread	49539
ssdread	46453
ssdread	45653
ssdread	45685
ssdread	49157
ssdread	46363
ssdread	49287
ssdread	45749
ssdread	49915
ssdread	49677
ssdread	50222
ssdread	49308
ssdread	46410
ssdread	49003
ssdread	49281
ssdread	45713
ssdread	47005
ssdread	45912
ssdread	50179
ssdread	45714
ssdread	46513
ssdread	52293
ssdread	50241
ssdread	45555
ssdread	46069
ssdread	49760
ssdread	49825
ssdread	49616
ssdread	46666
ssdread	50139
ssdread	58970
ssdread	49031
ssdread	49512
ssdread	45903
ssdread	49842
ssdread	49023
ssdread	63050
ssdread	59180
ssdread	45452
ssdread	46700
ssdread	45966
ssdread	47184
ssdread	54171
ssdread	46769
ssdread	46697
ssdread	47626
ssdread	46626
ssdread	46733
ssdread	49459
ssdread	47112
ssdread	46298
ssdread	50288
ssdread	50571
ssdread	46114
ssdread	46194
ssdread	49645
ssdread	45617
ssdread	49945
ssdread	46112
ssdread	49879
ssdread	45914
ssdread	46045
ssdread	45951
ssdread	46672
ssdread	49813
ssdread	50107
ssdread	50135
ssdread	50850
ssdread	49141
ssdread	46757
ssdread	46108
ssdread	49871
ssdread	46424
ssdread	46834
ssdread	46391
ssdread	49733
ssdread	46085
ssdread	50238
ssdread	46318
ssdread	45487
ssdread	49032
ssdread	50824
ssdread	45787
ssdread	46319
ssdread	49347
ssdread	47222
ssdread	48625
ssdread	47324
ssdread	49703
ssdread	46887
ssdread	49525
ssdread	52758
ssdread	49563
ssdread	49048
ssdread	46431
ssdread	45558
ssdread	50313
ssdread	46207
ssdread	46586
ssdread	45373
ssdread	45997
ssdread	49503
ssdread	50203
ssdread	49390
ssdread	46415
ssdread	49180
ssdread	46423
ssdread	47203
ssdread	48569
ssdread	51213
ssdread	51165
ssdread	49566
ssdread	47172
ssdread	49654
ssdread	46149
ssdread	45823
ssdread	49657
ssdread	49357
ssdread	46703
ssdread	58144
ssdread	63492
ssdread	49862
ssdread	48902
ssdread	50049
ssdread	49428
ssdread	49380
ssdread	46130
ssdread	48459
ssdread	52308
ssdread	49857
ssdread	45951
ssdread	50051
ssdread	46077
ssdread	50095
ssdread	49761
ssdread	49485
ssdread	45669
ssdread	49784
ssdread	49035
ssdread	49823
ssdread	49055
ssdread	50031
ssdread	49303
ssdread	49900
ssdread	49648
ssdread	46875
ssdread	49478
ssdread	47211
ssdread	46960
ssdread	50560
ssdread	46678
ssdread	49999
ssdread	49770
ssdread	49384
ssdread	46532
ssdread	46732
ssdread	49372
ssdread	46904
ssdread	62875
ssdread	59039
ssdread	49677
ssdread	53763
ssdread	49712
ssdread	49311
ssdread	46794
ssdread	49665
ssdread	46481
ssdread	50241
ssdread	50706
ssdread	46272
ssdread	50723
ssdread	45967
ssdread	50318
ssdread	45634
ssdread	47022
ssdread	49675
ssdread	175043
ssdread	52825
ssdread	46927
ssdread	51148
ssdread	50286
ssdread	50391
ssdread	46509
ssdread	46155
ssdread	49356
ssdread	51664
ssdread	50197
ssdread	46395
ssdread	49921
ssdread	46885
ssdread	49844
ssdread	55388
ssdread	47841
ssdread	53256
ssdread	47687
ssdread	50227
ssdread	46844
ssdread	46235
ssdread	49962
ssdread	47090
ssdread	47980
ssdread	45619
ssdread	50564
ssdread	49759
ssdread	51136
ssdread	49597
ssdread	50965
ssdread	46758
ssdread	50052
ssdread	46333
ssdread	50109
ssdread	49051
ssdread	50298
ssdread	45779
ssdread	49831
ssdread	46689
ssdread	49566
ssdread	46052
ssdread	46821
ssdread	49983
ssdread	50092
ssdread	49589
ssdread	59456
ssdread	46490
ssdread	50300
ssdread	49793
ssdread	47078
ssdread	46087
ssdread	50881
ssdread	99824
ssdread	85972
ssdread	83867
ssdread	90353
ssdread	81269
ssdread	81141
ssdread	50943
ssdread	47890
ssdread	46621
ssdread	50808
ssdread	50917
ssdread	51433
ssdread	50878
ssdread	47400
ssdread	50083
ssdread	50571
ssdread	47162
ssdread	50269
ssdread	46666
ssdread	50604
ssdread	46992
ssdread	47670
ssdread	47563
ssdread	49684
ssdread	46295
ssdread	50484
ssdread	47294
ssdread	46563
ssdread	50322
ssdread	50443
ssdread	47047
ssdread	50444
ssdread	46421
ssdread	50139
ssdread	46657
ssdread	50415
ssdread	46998
ssdread	50019
ssdread	46556
ssdread	47358
ssdread	46787
ssdread	50061
ssdread	50340
ssdread	47308
ssdread	49681
ssdread	47194
ssdread	46257
ssdread	50953
ssdread	49689
ssdread	50812
ssdread	49996
ssdread	50646
ssdread	47300
ssdread	47022
ssdread	50302
ssdread	50650
ssdread	46321
ssdread	46787
ssdread	50009
ssdread	50214
ssdread	46589
ssdread	46775
ssdread	46553
ssdread	50215
ssdread	46930
ssdread	50291
ssdread	46831
ssdread	47062
ssdread	49809
ssdread	50303
ssdread	63094
ssdread	63197
ssdread	46996
ssdread	49162
ssdread	46804
ssdread	50091
ssdread	46949
ssdread	46652
ssdread	63277
ssdread	63006
ssdread	47341
ssdread	49721
ssdread	46386
ssdread	50437
ssdread	47196
ssdread	50179
ssdread	49758
ssdread	50403
ssdread	49831
ssdread	49894
ssdread	49743
ssdread	49774
ssdread	49863
ssdread	50128
ssdread	63757
ssdread	62477
ssdread	50799
ssdread	50100
ssdread	46657
ssdread	46848
ssdread	47036
ssdread	49925
ssdread	49883
ssdread	55407
ssdread	50405
ssdread	49703
ssdread	50549
ssdread	49744
ssdread	46389
ssdread	46702
ssdread	46975
ssdread	51903
ssdread	707548
ssdread	72192
ssdread	49289
ssdread	51027
ssdread	50701
ssdread	46755
ssdread	47686
ssdread	51470
ssdread	48366
ssdread	50807
ssdread	47199
ssdread	48138
ssdread	47036
ssdread	46662
ssdread	47583
ssdread	46444
ssdread	52238
ssdread	50120
ssdread	52632
ssdread	49047
ssdread	50364
ssdread	50169
ssdread	49243
ssdread	54684
ssdread	51180
ssdread	50641
ssdread	51781
ssdread	49972
ssdread	48691
ssdread	47564
ssdread	47870
ssdread	48060
ssdread	47846
ssdread	50549
ssdread	52552
ssdread	50887
ssdread	51250
ssdread	47879
ssdread	47447
ssdread	51164
ssdread	50586
ssdread	51424
ssdread	50548
ssdread	50771
ssdread	47359
ssdread	50041
ssdread	46960
ssdread	50241
ssdread	50677
ssdread	50864
ssdread	50759
ssdread	46203
ssdread	50912
ssdread	46882
ssdread	51017
ssdread	49581
ssdread	46751
ssdread	49836
ssdread	47205
ssdread	46527
ssdread	47027
ssdread	50221
ssdread	47463
ssdread	46838
ssdread	50866
ssdread	48203
ssdread	47774
ssdread	51508
ssdread	75509
ssdread	53373
ssdread	48951
ssdread	381726
ssdread	101134
ssdread	52466
ssdread	51314
ssdread	52014
ssdread	48790
ssdread	48715
ssdread	51026
ssdread	51132
ssdread	51687
ssdread	49008
ssdread	49084
ssdread	52053
ssdread	52727
ssdread	52166
ssdread	52768
ssdread	50030
ssdread	48932
ssdread	52185
ssdread	51448
ssdread	52132
ssdread	48387
ssdread	46393
ssdread	50705
ssdread	46860
ssdread	47358
ssdread	51130
ssdread	47540
ssdread	48061
ssdread	51463
ssdread	51253
ssdread	47565
ssdread	51273
ssdread	51346
ssdread	50510
ssdread	47893
ssdread	46778
ssdread	50706
ssdread	49498
ssdread	47043
ssdread	51056
ssdread	50633
ssdread	47189
ssdread	46742
ssdread	46969
ssdread	47889
ssdread	49839
ssdread	50547
ssdread	50067
ssdread	48087
ssdread	51538
ssdread	47373
ssdread	50770
ssdread	47270
ssdread	47367
ssdread	46836
ssdread	50335
ssdread	51093
ssdread	50767
ssdread	51130
ssdread	50993
ssdread	49992
ssdread	50472
ssdread	47139
ssdread	50634
ssdread	50726
ssdread	47398
ssdread	47493
ssdread	50593
ssdread	51667
ssdread	50598
ssdread	50253
ssdread	47690
ssdread	50436
ssdread	46110
ssdread	47058
ssdread	47400
ssdread	50954
ssdread	46769
ssdread	46996
ssdread	47358
ssdread	51018
ssdread	50784
ssdread	50586
ssdread	50946
ssdread	47118
ssdread	47195
ssdread	47255
ssdread	50229
ssdread	49032
ssdread	51837
ssdread	51566
ssdread	47221
ssdread	51050
ssdread	50044
ssdread	50109
ssdread	47679
ssdread	51558
ssdread	47612
ssdread	51551
ssdread	50681
ssdread	47937
ssdread	47657
ssdread	47096
ssdread	47416
ssdread	51190
ssdread	50651
ssdread	47122
ssdread	50568
ssdread	47107
ssdread	50429
ssdread	47961
ssdread	47077
ssdread	50929
ssdread	50694
ssdread	46815
ssdread	47184
ssdread	50711
ssdread	48083
ssdread	51768
ssdread	51329
ssdread	47525
ssdread	47276
ssdread	51474
ssdread	48439
ssdread	52023
ssdread	48325
ssdread	51046
ssdread	47724
ssdread	47861
ssdread	76092
ssdread	51174
ssdread	51639
ssdread	46574
ssdread	51290
ssdread	52648
ssdread	58453
ssdread	63551
ssdread	61796
ssdread	57801
ssdread	57333
ssdread	56368
ssdread	56340
ssdread	57637
ssdread	57493
ssdread	54310
ssdread	51444
ssdread	58102
ssdread	49744
ssdread	50462
ssdread	52908
ssdread	52781
ssdread	51875
ssdread	50697
ssdread	54417
ssdread	47926
ssdread	50368
ssdread	49424
ssdread	54735
ssdread	53185
ssdread	53003
ssdread	51664
ssdread	51426
ssdread	47798
ssdread	50579
ssdread	50955
ssdread	50849
ssdread	51675
ssdread	50746
ssdread	47645
ssdread	47787
ssdread	50467
ssdread	50710
ssdread	47982
ssdread	50858
ssdread	47680
ssdread	47203
ssdread	51108
ssdread	50367
ssdread	48243
ssdread	47050
ssdread	47524
ssdread	48350
ssdread	48145
ssdread	46391
ssdread	47374
ssdread	50584
ssdread	47805
ssdread	53646
ssdread	50298
ssdread	49852
ssdread	51199
ssdread	47227
ssdread	47662
ssdread	50850
ssdread	51061
ssdread	50306
ssdread	50840
ssdread	50641
ssdread	47380
ssdread	51197
ssdread	48537
ssdread	47725
ssdread	48209
ssdread	46632
ssdread	47264
ssdread	47501
ssdread	57581
ssdread	47303
ssdread	51598
ssdread	47300
ssdread	47514
ssdread	50381
ssdread	50431
ssdread	47052
ssdread	50941
ssdread	49795
ssdread	46758
ssdread	50597
ssdread	47381
ssdread	46712
ssdread	47238
ssdread	46898
ssdread	46625
ssdread	50705
ssdread	47122
ssdread	47063
ssdread	46511
ssdread	46894
ssdread	47360
ssdread	47981
ssdread	51153
ssdread	47025
ssdread	47155
ssdread	50432
ssdread	47455
ssdread	50915
ssdread	47450
ssdread	49808
ssdread	50464
ssdread	46744
ssdread	46841
ssdread	50040
ssdread	50828
ssdread	47520
ssdread	51153
ssdread	46847
ssdread	46720
ssdread	52263
ssdread	48756
ssdread	51251
ssdread	50906
ssdread	46748
ssdread	51149
ssdread	50081
ssdread	54560
ssdread	50971
ssdread	50142
ssdread	50642
ssdread	50154
ssdread	47206
ssdread	47109
ssdread	50254
ssdread	46808
ssdread	46354
ssdread	50340
ssdread	46561
ssdread	46733
ssdread	50295
ssdread	47366
ssdread	46814
ssdread	50590
ssdread	47361
ssdread	46874
ssdread	47327
ssdread	50411
ssdread	46792
ssdread	47257
ssdread	47011
ssdread	50204
ssdread	50742
ssdread	47250
ssdread	49434
ssdread	47324
ssdread	46638
ssdread	46820
ssdread	46678
ssdread	50336
ssdread	54779
ssdread	50840
ssdread	47044
ssdread	50782
ssdread	46268
ssdread	47112
ssdread	46548
ssdread	46729
ssdread	50406
ssdread	52823
ssdread	50368
ssdread	50628
ssdread	46838
ssdread	50530
ssdread	62354
ssdread	63540
ssdread	50966
ssdread	52683
ssdread	50653
ssdread	46963
ssdread	47219
ssdread	46763
ssdread	46859
ssdread	46843
ssdread	50804
ssdread	46853
ssdread	48983
ssdread	47015
ssdread	49700
ssdread	46578
ssdread	50522
ssdread	46768
ssdread	47082
ssdread	49816
ssdread	50418
ssdread	51219
ssdread	47137
ssdread	46455
ssdread	47278
ssdread	50505
ssdread	50033
ssdread	50623
ssdread	51516
ssdread	47319
ssdread	46459
ssdread	49944
ssdread	46870
ssdread	46528
ssdread	47806
ssdread	46818
ssdread	50653
ssdread	49830
ssdread	51384
ssdread	48135
ssdread	47749
ssdread	48079
ssdread	46486
ssdread	47297
ssdread	50877
ssdread	47687
ssdread	50649
ssdread	50652
ssdread	50309
ssdread	48427
ssdread	46911
ssdread	46967
ssdread	47695
ssdread	50201
ssdread	51022
ssdread	50835
ssdread	47047
ssdread	50954
ssdread	50388
ssdread	49955
ssdread	50286
ssdread	50383
ssdread	50472
ssdread	51551
ssdread	50793
ssdread	51707
ssdread	50941
ssdread	50414
ssdread	50300
ssdread	46192
ssdread	46989
ssdread	50564
ssdread	49766
ssdread	50563
ssdread	50011
ssdread	46658
ssdread	46994
ssdread	47417
ssdread	46263
ssdread	50372
ssdread	50265
ssdread	49570
ssdread	46492
ssdread	46335
ssdread	50128
ssdread	49935
ssdread	46434
ssdread	54460
ssdread	50355
ssdread	47290
ssdread	46672
ssdread	50082
ssdread	47299
ssdread	46580
ssdread	50658
ssdread	46901
ssdread	50452
ssdread	50020
ssdread	46113
ssdread	46460
ssdread	50382
ssdread	51152
ssdread	50619
ssdread	50588
ssdread	50280
ssdread	47938
ssdread	46768
ssdread	50385
ssdread	46456
ssdread	51823
ssdread	50378
ssdread	47920
ssdread	46864
ssdread	47048
ssdread	47678
ssdread	50426
ssdread	50641
ssdread	47625
ssdread	46758
ssdread	46628
ssdread	50191
ssdread	50308
ssdread	49622
ssdread	51083
ssdread	49864
ssdread	50318
ssdread	50419
ssdread	50209
ssdread	50294
ssdread	47809
ssdread	50834
ssdread	55573
ssdread	50997
ssdread	46682
ssdread	50627
ssdread	50080
ssdread	50869
ssdread	50371
ssdread	50178
ssdread	46827
ssdread	51322
ssdread	46507
ssdread	46577
ssdread	50637
ssdread	50458
ssdread	50457
ssdread	50738
ssdread	47368
ssdread	50458
ssdread	50260
ssdread	47522
ssdread	50354
ssdread	48023
ssdread	46584
ssdread	50381
ssdread	46948
ssdread	50423
ssdread	50220
ssdread	50633
ssdread	46963
ssdread	50186
ssdread	50907
ssdread	50529
ssdread	50075
ssdread	50550
ssdread	50798
ssdread	50802
ssdread	50120
ssdread	55809
ssdread	46700
ssdread	50687
ssdread	47188
ssdread	47035
ssdread	49694
ssdread	50291
ssdread	49559
ssdread	50297
ssdread	49749
ssdread	46670
ssdread	46846
ssdread	46913
ssdread	50529
ssdread	50178
ssdread	49627
ssdread	50448
ssdread	50223
ssdread	50516
ssdread	49714
ssdread	46205
ssdread	51657
ssdread	54207
ssdread	46925
ssdread	50290
ssdread	46741
ssdread	50443
ssdread	50136
ssdread	46497
ssdread	46678
ssdread	49723
ssdread	47099
ssdread	50584
ssdread	50339
ssdread	50683
ssdread	46858
ssdread	50128
ssdread	46885
ssdread	47320
ssdread	50686
ssdread	51634
ssdread	46400
ssdread	46982
ssdread	50105
ssdread	50201
ssdread	46964
ssdread	46588
ssdread	50266
ssdread	46942
ssdread	47390
ssdread	50350
ssdread	46877
ssdread	50103
ssdread	46716
ssdread	50234
ssdread	49969
ssdread	47416
ssdread	50353
ssdread	50458
ssdread	49994
ssdread	50446
ssdread	52690
ssdread	47676
ssdread	46556
ssdread	49989
ssdread	50202
ssdread	50197
ssdread	49404
ssdread	46709
ssdread	46351
ssdread	47093
ssdread	49756
ssdread	47190
ssdread	45982
ssdread	55084
ssdread	50076
ssdread	46450
ssdread	46720
ssdread	49618
ssdread	46088
ssdread	50309
ssdread	47169
ssdread	50045
ssdread	46280
ssdread	50466
ssdread	46257
ssdread	47123
ssdread	50794
ssdread	50311
ssdread	46571
ssdread	46884
ssdread	47039
ssdread	46691
ssdread	49765
ssdread	49985
ssdread	49328
ssdread	50357
ssdread	49507
ssdread	50112
ssdread	49945
ssdread	50543
ssdread	50149
ssdread	46825
ssdread	46609
ssdread	50350
ssdread	46169
ssdread	47376
ssdread	47072
ssdread	50129
ssdread	47157
ssdread	50408
ssdread	50121
ssdread	50120
ssdread	46254
ssdread	46849
ssdread	46782
ssdread	47203
ssdread	47407
ssdread	50611
ssdread	50741
ssdread	50150
ssdread	46913
ssdread	46623
ssdread	50622
ssdread	50919
ssdread	50298
ssdread	47561
ssdread	50577
ssdread	50678
ssdread	46218
ssdread	50422
ssdread	50222
ssdread	51026
ssdread	51199
ssdread	48181
ssdread	53021
ssdread	50937
ssdread	46307
ssdread	47413
ssdread	50817
ssdread	51302
ssdread	51280
ssdread	46743
ssdread	50434
ssdread	47264
ssdread	50783
ssdread	50993
ssdread	50233
ssdread	50355
ssdread	50328
ssdread	47264
ssdread	49956
ssdread	47131
ssdread	46793
ssdread	46313
ssdread	50662
ssdread	50054
ssdread	46756
ssdread	46410
ssdread	50215
ssdread	49946
ssdread	53733
ssdread	50079
ssdread	47086
ssdread	50104
ssdread	47141
ssdread	46182
ssdread	46836
ssdread	49973
ssdread	46307
ssdread	49853
ssdread	47487
ssdread	50904
ssdread	51474
ssdread	49965
ssdread	46482
ssdread	46546
ssdread	50305
ssdread	47240
ssdread	50356
ssdread	56379
ssdread	46946
ssdread	50007
ssdread	50206
ssdread	52229
ssdread	54718
ssdread	50489
ssdread	47466
ssdread	46958
ssdread	50040
ssdread	50183
ssdread	47083
ssdread	50114
ssdread	50057
ssdread	50364
ssdread	47549
ssdread	46686
ssdread	46777
ssdread	50119
ssdread	46416
ssdread	47391
ssdread	50175
ssdread	50330
ssdread	49517
ssdread	46239
ssdread	46192
ssdread	50505
ssdread	49874
ssdread	49821
ssdread	49762
ssdread	50284
ssdread	54924
ssdread	50406
ssdread	50456
ssdread	50032
ssdread	47291
ssdread	46619
ssdread	46665
ssdread	46200
ssdread	47357
ssdread	49581
ssdread	50266
ssdread	46268
ssdread	47401
ssdread	46116
ssdread	47025
ssdread	47582
ssdread	47003
ssdread	46770
ssdread	51221
ssdread	49975
ssdread	50531
ssdread	46853
ssdread	46504
ssdread	50911
ssdread	47001
ssdread	50389
ssdread	50027
ssdread	49745
ssdread	50061
ssdread	46923
ssdread	50315
ssdread	46722
ssdread	50034
ssdread	46505
ssdread	49912
ssdread	50543
ssdread	50491
ssdread	51055
ssdread	50598
ssdread	49756
ssdread	50627
ssdread	46994
ssdread	49939
ssdread	47326
ssdread	49978
ssdread	47246
ssdread	50721
ssdread	49925
ssdread	50189
ssdread	46735
ssdread	50101
ssdread	46948
ssdread	49481
ssdread	46338
ssdread	46552
ssdread	50944
ssdread	47195
ssdread	46978
ssdread	50071
ssdread	46735
ssdread	49985
ssdread	46266
ssdread	49578
ssdread	45898
ssdread	49741
ssdread	46687
ssdread	59410
ssdread	59579
ssdread	50397
ssdread	50077
ssdread	50284
ssdread	47199
ssdread	46311
ssdread	46975
ssdread	50203
ssdread	50570
ssdread	46983
ssdread	47101
ssdread	46545
ssdread	284133
ssdread	76607
ssdread	52445
ssdread	50719
ssdread	47881
ssdread	50336
ssdread	47226
ssdread	46997
ssdread	46951
ssdread	50154
ssdread	50425
ssdread	51446
ssdread	50627
ssdread	46626
ssdread	50325
ssdread	47163
ssdread	52270
ssdread	48978
ssdread	51574
ssdread	50474
ssdread	50803
ssdread	47686
ssdread	47887
ssdread	47366
ssdread	52128
ssdread	47811
ssdread	49353
ssdread	52848
ssdread	49416
ssdread	48129
ssdread	50383
ssdread	55799
ssdread	48554
ssdread	47593
ssdread	47625
ssdread	46246
ssdread	47107
ssdread	47077
ssdread	46173
ssdread	50263
ssdread	49943
ssdread	50818
ssdread	50432
ssdread	49728
ssdread	59713
ssdread	60004
ssdread	47276
ssdread	46484
ssdread	47123
ssdread	46919
ssdread	50731
ssdread	47298
ssdread	54567
ssdread	47680
ssdread	62714
ssdread	50019
ssdread	49559
ssdread	46932
ssdread	47052
ssdread	46979
ssdread	50178
ssdread	46178
ssdread	47037
ssdread	46883
ssdread	47628
ssdread	49822
ssdread	46813
ssdread	47404
ssdread	50615
ssdread	47818
ssdread	47513
ssdread	51616
ssdread	51747
ssdread	48644
ssdread	320869
ssdread	102078
ssdread	48928
ssdread	52348
ssdread	51861
ssdread	48752
ssdread	51290
ssdread	47215
ssdread	48112
ssdread	47837
ssdread	51451
ssdread	52427
ssdread	51739
ssdread	51611
ssdread	47545
ssdread	47905
ssdread	47479
ssdread	52511
ssdread	49082
ssdread	48511
ssdread	53071
ssdread	52844
ssdread	48727
ssdread	47992
ssdread	51744
ssdread	47391
ssdread	50368
ssdread	49876
ssdread	50385
ssdread	46863
ssdread	50390
ssdread	50429
ssdread	50629
ssdread	50647
ssdread	47002
ssdread	48311
ssdread	46727
ssdread	50831
ssdread	47462
ssdread	50237
ssdread	47252
ssdread	47093
ssdread	50832
ssdread	46707
ssdread	48148
ssdread	46731
ssdread	46526
ssdread	50292
ssdread	47241
ssdread	50139
ssdread	49769
ssdread	46927
ssdread	60842
ssdread	58029
ssdread	46903
ssdread	50497
ssdread	50006
ssdread	47778
ssdread	50653
ssdread	47022
ssdread	50327
ssdread	47333
ssdread	46984
ssdread	47656
ssdread	50306
ssdread	46105
ssdread	50989
ssdread	47518
ssdread	50328
ssdread	50279
ssdread	47088
ssdread	50275
ssdread	48264
ssdread	47354
ssdread	47528
ssdread	50265
ssdread	46925
ssdread	50776
ssdread	50381
ssdread	50409
ssdread	46210
ssdread	49646
ssdread	46936
ssdread	49892
ssdread	47607
ssdread	50689
ssdread	47211
ssdread	50624
ssdread	47663
ssdread	46851
ssdread	46959
ssdread	51852
ssdread	51967
ssdread	47902
ssdread	51006
ssdread	46449
ssdread	50010
ssdread	46270
ssdread	46881
ssdread	50340
ssdread	47549
ssdread	50153
ssdread	50335
ssdread	47445
ssdread	46769
ssdread	46555
ssdread	50175
ssdread	52586
ssdread	50113
ssdread	46894
ssdread	46487
ssdread	46960
ssdread	60444
ssdread	53539
ssdread	49278
ssdread	51089
ssdread	52601
ssdread	50409
ssdread	65580
ssdread	203427
ssdread	64200
ssdread	60616
ssdread	70853
ssdread	60450
ssdread	59878
ssdread	57720
ssdread	57350
ssdread	56505
ssdread	80303
ssdread	72087
ssdread	69997
ssdread	59882
ssdread	61293
ssdread	62917
ssdread	58583
ssdread	57483
ssdread	63437
ssdread	59942
ssdread	61786
ssdread	56538
ssdread	56944
ssdread	58332
ssdread	60302
ssdread	57579
ssdread	57410
ssdread	61963
ssdread	62718
ssdread	59829
ssdread	60622
ssdread	55112
ssdread	54474
ssdread	54379
ssdread	51420
ssdread	54700
ssdread	52014
ssdread	53459
ssdread	54329
ssdread	53533
ssdread	50539
ssdread	50874
ssdread	54061
ssdread	54400
ssdread	54667
ssdread	50676
ssdread	50622
ssdread	53823
ssdread	53373
ssdread	51729
ssdread	48070
ssdread	51247
ssdread	50259
ssdread	46872
ssdread	51635
ssdread	47418
ssdread	47249
ssdread	47052
ssdread	50726
ssdread	50576
ssdread	49525
ssdread	48565
ssdread	51306
ssdread	49413
ssdread	51654
ssdread	50802
ssdread	48555
ssdread	60763
ssdread	47933
ssdread	50709
ssdread	50860
ssdread	47639
ssdread	51090
ssdread	50946
ssdread	48076
ssdread	47407
ssdread	47203
ssdread	50395
ssdread	50410
ssdread	47355
ssdread	46881
ssdread	46847
ssdread	51240
ssdread	51768
ssdread	48807
ssdread	50783
ssdread	47800
ssdread	50723
ssdread	50711
ssdread	51061
ssdread	50967
ssdread	51354
ssdread	51252
ssdread	51438
ssdread	47110
ssdread	47626
ssdread	51233
ssdread	46855
ssdread	47395
ssdread	47240
ssdread	47451
ssdread	47815
ssdread	51137
ssdread	47804
ssdread	55550
ssdread	51576
ssdread	51979
ssdread	51406
ssdread	50638
ssdread	51053
ssdread	50444
ssdread	51533
ssdread	50918
ssdread	50414
ssdread	50101
ssdread	46638
ssdread	47171
ssdread	47115
ssdread	50609
ssdread	50807
ssdread	49823
ssdread	50619
ssdread	51444
ssdread	51653
ssdread	51367
ssdread	50834
ssdread	51488
ssdread	50847
ssdread	48080
ssdread	50556
ssdread	50849
ssdread	47219
ssdread	47498
ssdread	50461
ssdread	50490
ssdread	50476
ssdread	50163
ssdread	47124
ssdread	50121
ssdread	49759
ssdread	47735
ssdread	47780
ssdread	47161
ssdread	51050
ssdread	50954
ssdread	46941
ssdread	50901
ssdread	50633
ssdread	47699
ssdread	51065
ssdread	46881
ssdread	46922
ssdread	47416
ssdread	47117
ssdread	50417
ssdread	55958
ssdread	50959
ssdread	50373
ssdread	47611
ssdread	50687
ssdread	46879
ssdread	50648
ssdread	47257
ssdread	50561
ssdread	47338
ssdread	60317
ssdread	50923
ssdread	50978
ssdread	50988
ssdread	51206
ssdread	61601
ssdread	64133
ssdread	51363
ssdread	55836
ssdread	52170
ssdread	47783
ssdread	48570
ssdread	47134
ssdread	48797
ssdread	47192
ssdread	55664
ssdread	48416
ssdread	55470
ssdread	65565
ssdread	55179
ssdread	52459
ssdread	47983
ssdread	51876
ssdread	48607
ssdread	50366
ssdread	48111
ssdread	52147
ssdread	51160
ssdread	50721
ssdread	47741
ssdread	51552
ssdread	51309
ssdread	51440
ssdread	51255
ssdread	51105
ssdread	47899
ssdread	47941
ssdread	518531
ssdread	64424
ssdread	49877
ssdread	49842
ssdread	48472
ssdread	50865
ssdread	49306
ssdread	51011
ssdread	47226
ssdread	50947
ssdread	47811
ssdread	56620
ssdread	51243
ssdread	47936
ssdread	51074
ssdread	48218
ssdread	53028
ssdread	50931
ssdread	46382
ssdread	50964
ssdread	51194
ssdread	48037
ssdread	64620
ssdread	49237
ssdread	55116
ssdread	47425
ssdread	48141
ssdread	50898
ssdread	50740
ssdread	51202
ssdread	52179
ssdread	59458
ssdread	47970
ssdread	47724
ssdread	51824
ssdread	47159
ssdread	47532
ssdread	51141
ssdread	50587
ssdread	48194
ssdread	51229
ssdread	51429
ssdread	47494
ssdread	47149
ssdread	48131
ssdread	50530
ssdread	52186
ssdread	50562
ssdread	51175
ssdread	47623
ssdread	47639
ssdread	50324
ssdread	47762
ssdread	47517
ssdread	50416
ssdread	54768
ssdread	47548
ssdread	50865
ssdread	50861
ssdread	47368
ssdread	46588
ssdread	47124
ssdread	49040
ssdread	47488
ssdread	47031
ssdread	50284
ssdread	50588
ssdread	50018
ssdread	51174
ssdread	46784
ssdread	55376
ssdread	53123
ssdread	47397
ssdread	50093
ssdread	47681
ssdread	46817
ssdread	50176
ssdread	47711
ssdread	50541
ssdread	46450
ssdread	50822
ssdread	51270
ssdread	50710
ssdread	50162
ssdread	46905
ssdread	70783
ssdread	47879
ssdread	51158
ssdread	50912
ssdread	48573
ssdread	54952
ssdread	50876
ssdread	50833
ssdread	48055
ssdread	50538
ssdread	51695
ssdread	46994
ssdread	47843
ssdread	50682
ssdread	46985
ssdread	50812
ssdread	47589
ssdread	50858
ssdread	50656
ssdread	59052
ssdread	53197
ssdread	47724
ssdread	46451
ssdread	50989
ssdread	51018
ssdread	47905
ssdread	50797
ssdread	48262
ssdread	47225
ssdread	50644
ssdread	50553
ssdread	51356
ssdread	50063
ssdread	50418
ssdread	49898
ssdread	47574
ssdread	46867
ssdread	47604
ssdread	50533
ssdread	50904
ssdread	47382
ssdread	50876
ssdread	49917
ssdread	50604
ssdread	50878
ssdread	53119
ssdread	50452
ssdread	51118
ssdread	50935
ssdread	51511
ssdread	50514
ssdread	50481
ssdread	49891
ssdread	47116
ssdread	50890
ssdread	51074
ssdread	47468
ssdread	47308
ssdread	47201
ssdread	50613
ssdread	50336
ssdread	50962
ssdread	50095
ssdread	50534
ssdread	47608
ssdread	52244
ssdread	47217
ssdread	50422
ssdread	46598
ssdread	47325
ssdread	51022
ssdread	47173
ssdread	46955
ssdread	47297
ssdread	46362
ssdread	50530
ssdread	49827
ssdread	50780
ssdread	49771
ssdread	51205
ssdread	47231
ssdread	47554
ssdread	50545
ssdread	47360
ssdread	50428
ssdread	48649
ssdread	50520
ssdread	51004
ssdread	50781
ssdread	46729
ssdread	46817
ssdread	47089
ssdread	53712
ssdread	47510
ssdread	50226
ssdread	50668
ssdread	50308
ssdread	47142
ssdread	50042
ssdread	50281
ssdread	46873
ssdread	51394
ssdread	50571
ssdread	47134
ssdread	47398
ssdread	51125
ssdread	50162
ssdread	47243
ssdread	46895
ssdread	51222
ssdread	47158
ssdread	51299
ssdread	50792
ssdread	50564
ssdread	46934
ssdread	47000
ssdread	46039
ssdread	46583
ssdread	46773
ssdread	47048
ssdread	50471
ssdread	51121
ssdread	47210
ssdread	50354
ssdread	50111
ssdread	47621
ssdread	58929
ssdread	47526
ssdread	46721
ssdread	50890
ssdread	49850
ssdread	48019
ssdread	47021
ssdread	47778
ssdread	49930
ssdread	50522
ssdread	46797
ssdread	47561
ssdread	50463
ssdread	47145
ssdread	46940
ssdread	47562
ssdread	47450
ssdread	47449
ssdread	50513
ssdread	50974
ssdread	47696
ssdread	50804
ssdread	50896
ssdread	47184
ssdread	46725
ssdread	50899
ssdread	50394
ssdread	47227
ssdread	47749
ssdread	46915
ssdread	49966
ssdread	63532
ssdread	63478
ssdread	46191
ssdread	47837
ssdread	46142
ssdread	46911
ssdread	50300
ssdread	51173
ssdread	47714
ssdread	47105
ssdread	50161
ssdread	50569
ssdread	46903
ssdread	50380
ssdread	46988
ssdread	47106
ssdread	49917
ssdread	50947
ssdread	50301
ssdread	51445
ssdread	47160
ssdread	46540
ssdread	50527
ssdread	47749
ssdread	50269
ssdread	47543
ssdread	50088
ssdread	50426
ssdread	46975
ssdread	51884
ssdread	51318
ssdread	50687
ssdread	50336
ssdread	51684
ssdread	47238
ssdread	50489
ssdread	47028
ssdread	48126
ssdread	50616
ssdread	50963
ssdread	50139
ssdread	50617
ssdread	49733
ssdread	50370
ssdread	47250
ssdread	47419
ssdread	50919
ssdread	47118
ssdread	46664
ssdread	47942
ssdread	47577
ssdread	50327
ssdread	50506
ssdread	50581
ssdread	50258
ssdread	47178
ssdread	50067
ssdread	47645
ssdread	51287
ssdread	47634
ssdread	50388
ssdread	46964
ssdread	47572
ssdread	47941
ssdread	47159
ssdread	50461
ssdread	46576
ssdread	47017
ssdread	49750
ssdread	47641
ssdread	51475
ssdread	47452
ssdread	50739
ssdread	47357
ssdread	50443
ssdread	50908
ssdread	49878
ssdread	50675
ssdread	50107
ssdread	62864
ssdread	62801
ssdread	49975
ssdread	47783
ssdread	50627
ssdread	47275
ssdread	50483
ssdread	47299
ssdread	47049
ssdread	47650
ssdread	49300
ssdread	49608
ssdread	50887
ssdread	51221
ssdread	47927
ssdread	51846
ssdread	50519
ssdread	47117
ssdread	50063
ssdread	50758
ssdread	46252
ssdread	47176
ssdread	47310
ssdread	50833
ssdread	49670
ssdread	51036
ssdread	47164
ssdread	47135
ssdread	46819
ssdread	47085
ssdread	50314
ssdread	50795
ssdread	50379
ssdread	47439
ssdread	58281
ssdread	64640
ssdread	46876
ssdread	50260
ssdread	50775
ssdread	47528
ssdread	50502
ssdread	50562
ssdread	51491
ssdread	47507
ssdread	50392
ssdread	46974
ssdread	50447
ssdread	51126
ssdread	50988
ssdread	47089
ssdread	50162
ssdread	57844
ssdread	50851
ssdread	47103
ssdread	47777
ssdread	50000
ssdread	50797
ssdread	49986
ssdread	50316
ssdread	50362
ssdread	47412
ssdread	50089
ssdread	50404
ssdread	50220
ssdread	46903
ssdread	50663
ssdread	47399
ssdread	46962
ssdread	47107
ssdread	50524
ssdread	52716
ssdread	50340
ssdread	50815
ssdread	50182
ssdread	50343
ssdread	50598
ssdread	50614
ssdread	46679
ssdread	51144
ssdread	50050
ssdread	50714
ssdread	50450
ssdread	47501
ssdread	46715
ssdread	47255
ssdread	50314
ssdread	50720
ssdread	50266
ssdread	47464
ssdread	48306
ssdread	77568
ssdread	47639
ssdread	50577
ssdread	50545
ssdread	47474
ssdread	46909
ssdread	47425
ssdread	50445
ssdread	47491
ssdread	50085
ssdread	47751
ssdread	47292
ssdread	51076
ssdread	50122
ssdread	50752
ssdread	47419
ssdread	47387
ssdread	67543
ssdread	54524
ssdread	51821
ssdread	54665
ssdread	47367
ssdread	51222
ssdread	50534
ssdread	50983
ssdread	46673
ssdread	50297
ssdread	50900
ssdread	47299
ssdread	50122
ssdread	50665
ssdread	50468
ssdread	47689
ssdread	46678
ssdread	50154
ssdread	49929
ssdread	47650
ssdread	47264
ssdread	51090
ssdread	50771
ssdread	51596
ssdread	48465
ssdread	51757
ssdread	50456
ssdread	50690
ssdread	50594
ssdread	47427
ssdread	50346
ssdread	47293
ssdread	47021
ssdread	50840
ssdread	50410
ssdread	47267
ssdread	50312
ssdread	47283
ssdread	47740
ssdread	47101
ssdread	50823
ssdread	50680
ssdread	47710
ssdread	51911
ssdread	47345
ssdread	50640
ssdread	47158
ssdread	50582
ssdread	50350
ssdread	52569
ssdread	58287
ssdread	50494
ssdread	47303
ssdread	47142
ssdread	50406
ssdread	47205
ssdread	50339
ssdread	49771
ssdread	47529
ssdread	46628
ssdread	50589
ssdread	50308
ssdread	49941
ssdread	50251
ssdread	50323
ssdread	46839
ssdread	47299
ssdread	50369
ssdread	47152
ssdread	47022
ssdread	46796
ssdread	47022
ssdread	50643
ssdread	50375
ssdread	48108
ssdread	46693
ssdread	47456
ssdread	47223
ssdread	47300
ssdread	50393
ssdread	50657
ssdread	47327
ssdread	50333
ssdread	50758
ssdread	51112
ssdread	47004
ssdread	46872
ssdread	50751
ssdread	46770
ssdread	50914
ssdread	49854
ssdread	50908
ssdread	46708
ssdread	47380
ssdread	50483
ssdread	67178
ssdread	47067
ssdread	46710
ssdread	47054
ssdread	46441
ssdread	46695
ssdread	50388
ssdread	46986
ssdread	50591
ssdread	51172
ssdread	50359
ssdread	50433
ssdread	50012
ssdread	49914
ssdread	46953
ssdread	47138
ssdread	46804
ssdread	49774
ssdread	50529
ssdread	50441
ssdread	47454
ssdread	46557
ssdread	47090
ssdread	46540
ssdread	50894
ssdread	50134
ssdread	51081
ssdread	47117
ssdread	50228
ssdread	50669
ssdread	50461
ssdread	47181
ssdread	50399
ssdread	46215
ssdread	47501
ssdread	46528
ssdread	50299
ssdread	50272
ssdread	47690
ssdread	46677
ssdread	47653
ssdread	50124
ssdread	46940
ssdread	50719
ssdread	49717
ssdread	46947
ssdread	47017
ssdread	47244
ssdread	51132
ssdread	50372
ssdread	47835
ssdread	47347
ssdread	46458
ssdread	51231
ssdread	46594
ssdread	51319
ssdread	49946
ssdread	50759
ssdread	50374
ssdread	50447
ssdread	47154
ssdread	66941
ssdread	62745
ssdread	46402
ssdread	50872
ssdread	49589
ssdread	46136
ssdread	49679
ssdread	47378
ssdread	50212
ssdread	50661
ssdread	47183
ssdread	46965
ssdread	49727
ssdread	47486
ssdread	46620
ssdread	46693
ssdread	50312
ssdread	50327
ssdread	49579
ssdread	53881
ssdread	46391
ssdread	46878
ssdread	46740
ssdread	50202
ssdread	46830
ssdread	50733
ssdread	49736
ssdread	49775
ssdread	46034
ssdread	50665
ssdread	50355
ssdread	46947
ssdread	49605
ssdread	50950
ssdread	47321
ssdread	50450
ssdread	49792
ssdread	46912
ssdread	49514
ssdread	47052
ssdread	45981
ssdread	46349
ssdread	50374
ssdread	46574
ssdread	50379
ssdread	50244
ssdread	49991
ssdread	46710
ssdread	48348
ssdread	52332
ssdread	47588
ssdread	47449
ssdread	47223
ssdread	46231
ssdread	46516
ssdread	47382
ssdread	46676
ssdread	46559
ssdread	47173
ssdread	46857
ssdread	46715
ssdread	46691
ssdread	47195
ssdread	46721
ssdread	47014
ssdread	49993
ssdread	47174
ssdread	46654
ssdread	50262
ssdread	49903
ssdread	51631
ssdread	51303
ssdread	50851
ssdread	57720
ssdread	51121
ssdread	46658
ssdread	47000
ssdread	47278
ssdread	46802
ssdread	50431
ssdread	46731
ssdread	47024
ssdread	46824
ssdread	46522
ssdread	50646
ssdread	50998
ssdread	47017
ssdread	50122
ssdread	50210
ssdread	46530
ssdread	49672
ssdread	46570
ssdread	50143
ssdread	49796
ssdread	50404
ssdread	47199
ssdread	49850
ssdread	50132
ssdread	50354
ssdread	45929
ssdread	49912
ssdread	47007
ssdread	50443
ssdread	50303
ssdread	50674
ssdread	49985
ssdread	49761
ssdread	50022
ssdread	50295
ssdread	46260
ssdread	46056
ssdread	46957
ssdread	50155
ssdread	47078
ssdread	46686
ssdread	49721
ssdread	46720
ssdread	46408
ssdread	49578
ssdread	45536
ssdread	46865
ssdread	46822
ssdread	46447
ssdread	49745
ssdread	50005
ssdread	46012
ssdread	50180
ssdread	47358
ssdread	49949
ssdread	50084
ssdread	46664
ssdread	47088
ssdread	49912
ssdread	49834
ssdread	49583
ssdread	49496
ssdread	46997
ssdread	50423
ssdread	47391
ssdread	46639
ssdread	47294
ssdread	46230
ssdread	49965
ssdread	49992
ssdread	50444
ssdread	49709
ssdread	47364
ssdread	50366
ssdread	47321
ssdread	50698
ssdread	47159
ssdread	46255
ssdread	46825
ssdread	46019
ssdread	50399
ssdread	49816
ssdread	49758
ssdread	49747
ssdread	51496
ssdread	45710
ssdread	49527
ssdread	46145
ssdread	46671
ssdread	49779
ssdread	50359
ssdread	46703
ssdread	49917
ssdread	45895
ssdread	49705
ssdread	50049
ssdread	46715
ssdread	45968
ssdread	50600
ssdread	50294
ssdread	51108
ssdread	49607
ssdread	49593
ssdread	46418
ssdread	51137
ssdread	46661
ssdread	49742
ssdread	46848
ssdread	46639
ssdread	49594
ssdread	46532
ssdread	46774
ssdread	50410
ssdread	49481
ssdread	50762
ssdread	49780
ssdread	46349
ssdread	50081
ssdread	50617
ssdread	52221
ssdread	48276
ssdread	46505
ssdread	50353
ssdread	50090
ssdread	50824
ssdread	48087
ssdread	49940
ssdread	46290
ssdread	46860
ssdread	49789
ssdread	50120
ssdread	46094
ssdread	49745
ssdread	46554
ssdread	57921
ssdread	59154
ssdread	49915
ssdread	49296
ssdread	49808
ssdread	51476
ssdread	47942
ssdread	50140
ssdread	46392
ssdread	46683
ssdread	50827
ssdread	49478
ssdread	49869
ssdread	46331
ssdread	49776
ssdread	49877
ssdread	46459
ssdread	46673
ssdread	50416
ssdread	50116
ssdread	46720
ssdread	49783
ssdread	46918
ssdread	49657
ssdread	47507
ssdread	49815
ssdread	50184
ssdread	46529
ssdread	50316
ssdread	50244
ssdread	46888
ssdread	46652
ssdread	46864
ssdread	49907
ssdread	46926
ssdread	50085
ssdread	46997
ssdread	47524
ssdread	50011
ssdread	46273
ssdread	50318
ssdread	50015
ssdread	63036
ssdread	63578
ssdread	46311
ssdread	46755
ssdread	46784
ssdread	46686
ssdread	46797
ssdread	50285
ssdread	50245
ssdread	46398
ssdread	49822
ssdread	47370
ssdread	49758
ssdread	50781
ssdread	49847
ssdread	50159
ssdread	47668
ssdread	49804
ssdread	46872
ssdread	50594
ssdread	49696
ssdread	49880
ssdread	49875
ssdread	50031
ssdread	51927
ssdread	49809
ssdread	49945
ssdread	47496
ssdread	50475
ssdread	46399
ssdread	50042
ssdread	46442
ssdread	49811
ssdread	46925
ssdread	46794
ssdread	47084
ssdread	49849
ssdread	50043
ssdread	46308
ssdread	50387
ssdread	50267
ssdread	47266
ssdread	45964
ssdread	50051
ssdread	46286
ssdread	50262
ssdread	46298
ssdread	50648
ssdread	47518
ssdread	49734
ssdread	50067
ssdread	46519
ssdread	46580
ssdread	46963
ssdread	46173
ssdread	47636
ssdread	50397
ssdread	47114
ssdread	50235
ssdread	49913
ssdread	45917
ssdread	46218
ssdread	50093
ssdread	46932
ssdread	49800
ssdread	49877
ssdread	49983
ssdread	50440
ssdread	49876
ssdread	46829
ssdread	49855
ssdread	49896
ssdread	46509
ssdread	46892
ssdread	46598
ssdread	46603
ssdread	55084
ssdread	46585
ssdread	49567
ssdread	50155
ssdread	49600
ssdread	47011
ssdread	50261
ssdread	46343
ssdread	46775
ssdread	46994
ssdread	49728
ssdread	49760
ssdread	46734
ssdread	50233
ssdread	47283
ssdread	47036
ssdread	46542
ssdread	50474
ssdread	46192
ssdread	49762
ssdread	49739
ssdread	45902
ssdread	46488
ssdread	47067
ssdread	49953
ssdread	49811
ssdread	49528
ssdread	46539
ssdread	46334
ssdread	46623
ssdread	49499
ssdread	46617
ssdread	51038
ssdread	50687
ssdread	46915
ssdread	50497
ssdread	46943
ssdread	50836
ssdread	46423
ssdread	46273
ssdread	50151
ssdread	47131
ssdread	50379
ssdread	50525
ssdread	46558
ssdread	47347
ssdread	50330
ssdread	49754
ssdread	46422
ssdread	46739
ssdread	45972
ssdread	51803
ssdread	50820
ssdread	50045
ssdread	50351
ssdread	46501
ssdread	50212
ssdread	46659
ssdread	49976
ssdread	46341
ssdread	49901
ssdread	46162
ssdread	46878
ssdread	46981
ssdread	46477
ssdread	49967
ssdread	50090
ssdread	45922
ssdread	50766
ssdread	46295
ssdread	46675
ssdread	46655
ssdread	51462
ssdread	49790
ssdread	46680
ssdread	50199
ssdread	46568
ssdread	49403
ssdread	46355
ssdread	46859
ssdread	50503
ssdread	50207
ssdread	50735
ssdread	46952
ssdread	46812
ssdread	46078
ssdread	46866
ssdread	46422
ssdread	46682
ssdread	49670
ssdread	50177
ssdread	46148
ssdread	46837
ssdread	47095
ssdread	50543
ssdread	50149
ssdread	46958
ssdread	50513
ssdread	46414
ssdread	49799
ssdread	46481
ssdread	46596
ssdread	50273
ssdread	46486
ssdread	47153
ssdread	49968
ssdread	49741
ssdread	55769
ssdread	46843
ssdread	46585
ssdread	50150
ssdread	50428
ssdread	46414
ssdread	50764
ssdread	50067
ssdread	46584
ssdread	50767
ssdread	46388
ssdread	50428
ssdread	50494
ssdread	50124
ssdread	46605
ssdread	49455
ssdread	46021
ssdread	46700
ssdread	46546
ssdread	47607
ssdread	49692
ssdread	46963
ssdread	47104
ssdread	46271
ssdread	51964
ssdread	46799
ssdread	50380
ssdread	50589
ssdread	49635
ssdread	46717
ssdread	50305
ssdread	49598
ssdread	50136
ssdread	50146
ssdread	49795
ssdread	50168
ssdread	46235
ssdread	50035
ssdread	49902
ssdread	46864
ssdread	47418
ssdread	49189
ssdread	51215
ssdread	50883
ssdread	47460
ssdread	46449
ssdread	46757
ssdread	56645
ssdread	46817
ssdread	51149
ssdread	49570
ssdread	50235
ssdread	46921
ssdread	50393
ssdread	47401
ssdread	49755
ssdread	49733
ssdread	46418
ssdread	46457
ssdread	50171
ssdread	49483
ssdread	47224
ssdread	49422
ssdread	46968
ssdread	46686
ssdread	46343
ssdread	49991
ssdread	50256
ssdread	49832
ssdread	50394
ssdread	46086
ssdread	46877
ssdread	49894
ssdread	50440
ssdread	50849
ssdread	46023
ssdread	45847
ssdread	49981
ssdread	45821
ssdread	46883
ssdread	46164
ssdread	46778
ssdread	49181
ssdread	47229
ssdread	49661
ssdread	50060
ssdread	49926
ssdread	50115
ssdread	52895
ssdread	47045
ssdread	46379
ssdread	46686
ssdread	46171
ssdread	50108
ssdread	50148
ssdread	46619
ssdread	49883
ssdread	47193
ssdread	49507
ssdread	50149
ssdread	50182
ssdread	46677
ssdread	46601
ssdread	50259
ssdread	46858
ssdread	49689
ssdread	46675
ssdread	47309
ssdread	45865
ssdread	47014
ssdread	50186
ssdread	46709
ssdread	49346
ssdread	46732
ssdread	46381
ssdread	50096
ssdread	50572
ssdread	50313
ssdread	50952
ssdread	46426
ssdread	45969
ssdread	46692
ssdread	46276
ssdread	49698
ssdread	46512
ssdread	50031
ssdread	49865
ssdread	46796
ssdread	49724
ssdread	50048
ssdread	47098
ssdread	50148
ssdread	46729
ssdread	49750
ssdread	46381
ssdread	50238
ssdread	46707
ssdread	50127
ssdread	46302
ssdread	62783
ssdread	62262
ssdread	49626
ssdread	50016
ssdread	46505
ssdread	49976
ssdread	46608
ssdread	50459
ssdread	49558
ssdread	49972
ssdread	47320
ssdread	47137
ssdread	46146
ssdread	47272
ssdread	46887
ssdread	46481
ssdread	49375
ssdread	49993
ssdread	61961
ssdread	47055
ssdread	50705
ssdread	49426
ssdread	46780
ssdread	49924
ssdread	50631
ssdread	64411
ssdread	62470
ssdread	46591
ssdread	47041
ssdread	47214
ssdread	47388
ssdread	48536
ssdread	49997
ssdread	47215
ssdread	46523
ssdread	50134
ssdread	46859
ssdread	46812
ssdread	46506
ssdread	47161
ssdread	46738
ssdread	49991
ssdread	63373
ssdread	60995
ssdread	49958
ssdread	49707
ssdread	47406
ssdread	46647
ssdread	46725
ssdread	49811
ssdread	47135
ssdread	46252
ssdread	46977
ssdread	45658
ssdread	50089
ssdread	49605
ssdread	47230
ssdread	47094
ssdread	46973
ssdread	47080
ssdread	50584
ssdread	50706
ssdread	51071
ssdread	50429
ssdread	47393
ssdread	46911
ssdread	50229
ssdread	49849
ssdread	46720
ssdread	49292
ssdread	50216
ssdread	54715
ssdread	62516
ssdread	64770
ssdread	49746
ssdread	50196
ssdread	46536
ssdread	49989
ssdread	49581
ssdread	46802
ssdread	50488
ssdread	50270
ssdread	49630
ssdread	50246
ssdread	46313
ssdread	65255
ssdread	63246
ssdread	46745
ssdread	50157
ssdread	49675
ssdread	47055
ssdread	47228
ssdread	50246
ssdread	49768
ssdread	50920
ssdread	46375
ssdread	46431
ssdread	47193
ssdread	50132
ssdread	50269
ssdread	59640
ssdread	62322
ssdread	49750
ssdread	49981
ssdread	50080
ssdread	46722
ssdread	46915
ssdread	50200
ssdread	46787
ssdread	46497
ssdread	50987
ssdread	51090
ssdread	50192
ssdread	49617
ssdread	47304
ssdread	49861
ssdread	46233
ssdread	50040
ssdread	49740
ssdread	55256
ssdread	49144
ssdread	46899
ssdread	46675
ssdread	50547
ssdread	46611
ssdread	46938
ssdread	50765
ssdread	47115
ssdread	49470
ssdread	50062
ssdread	46583
ssdread	50261
ssdread	50369
ssdread	50839
ssdread	49819
ssdread	49970
ssdread	46208
ssdread	46257
ssdread	50524
ssdread	46582
ssdread	49900
ssdread	50381
ssdread	46614
ssdread	46020
ssdread	49885
ssdread	46614
ssdread	46195
ssdread	50190
ssdread	49783
ssdread	63371
ssdread	65041
ssdread	46540
ssdread	47277
ssdread	46594
ssdread	50393
ssdread	49833
ssdread	59487
ssdread	59189
ssdread	49857
ssdread	50369
ssdread	46076
ssdread	46418
ssdread	46508
ssdread	50198
ssdread	50143
ssdread	46984
ssdread	45723
ssdread	45815
ssdread	46542
ssdread	46636
ssdread	47296
ssdread	50283
ssdread	50530
ssdread	46940
ssdread	46131
ssdread	49749
ssdread	49992
ssdread	50486
ssdread	49776
ssdread	49669
ssdread	49969
ssdread	50084
ssdread	46175
ssdread	46433
ssdread	49417
ssdread	50421
ssdread	46689
ssdread	49499
ssdread	62560
ssdread	50181
ssdread	50246
ssdread	47314
ssdread	50539
ssdread	46531
ssdread	46535
ssdread	50068
ssdread	46807
ssdread	50071
ssdread	50126
ssdread	46828
ssdread	46281
ssdread	46867
ssdread	49812
ssdread	45900
ssdread	49380
ssdread	46788
ssdread	46230
ssdread	46612
ssdread	49977
ssdread	50082
ssdread	49861
ssdread	46803
ssdread	46020
ssdread	46222
ssdread	50254
ssdread	46000
ssdread	49925
ssdread	50337
ssdread	50353
ssdread	50728
ssdread	49724
ssdread	50115
ssdread	45899
ssdread	49734
ssdread	49983
ssdread	65669
ssdread	62557
ssdread	47115
ssdread	46334
ssdread	49876
ssdread	46326
ssdread	49925
ssdread	47017
ssdread	50297
ssdread	47359
ssdread	45805
ssdread	46106
ssdread	49879
ssdread	50472
ssdread	46411
ssdread	46375
ssdread	46007
ssdread	50095
ssdread	46260
ssdread	46567
ssdread	50335
ssdread	46505
ssdread	49915
ssdread	46803
ssdread	55431
ssdread	45898
ssdread	50131
ssdread	48475
ssdread	46630
ssdread	50048
ssdread	50698
ssdread	46187
ssdread	46515
ssdread	50235
ssdread	50394
ssdread	47516
ssdread	49822
ssdread	49907
ssdread	47122
ssdread	49666
ssdread	50523
ssdread	47155
ssdread	50149
ssdread	46299
ssdread	46767
ssdread	46645
ssdread	50418
ssdread	50358
ssdread	46763
ssdread	50144
ssdread	46493
ssdread	46028
ssdread	50444
ssdread	50038
ssdread	47055
ssdread	49839
ssdread	46356
ssdread	50018
ssdread	62821
ssdread	59458
ssdread	46951
ssdread	49474
ssdread	47255
ssdread	49996
ssdread	47413
ssdread	46339
ssdread	49905
ssdread	49438
ssdread	50833
ssdread	46461
ssdread	51055
ssdread	49996
ssdread	50320
ssdread	46735
ssdread	49999
ssdread	49942
ssdread	49896
ssdread	46385
ssdread	49940
ssdread	46051
ssdread	50597
ssdread	49334
ssdread	46829
ssdread	46748
ssdread	46980
ssdread	46470
ssdread	59516
ssdread	60151
ssdread	49729
ssdread	47278
ssdread	49710
ssdread	47339
ssdread	49707
ssdread	47171
ssdread	50455
ssdread	50376
ssdread	46619
ssdread	46729
ssdread	50331
ssdread	47206
ssdread	49747
ssdread	50198
ssdread	51094
ssdread	47714
ssdread	50178
ssdread	50225
ssdread	50381
ssdread	49869
ssdread	51477
ssdread	50120
ssdread	49897
ssdread	49973
ssdread	47012
ssdread	50453
ssdread	46542
ssdread	64615
ssdread	58965
ssdread	49883
ssdread	50585
ssdread	49647
ssdread	50187
ssdread	50336
ssdread	50159
ssdread	46376
ssdread	46089
ssdread	49934
ssdread	46874
ssdread	46106
ssdread	51112
ssdread	46983
ssdread	50239
ssdread	46798
ssdread	50286
ssdread	50129
ssdread	50183
ssdread	46750
ssdread	49673
ssdread	46732
ssdread	47143
ssdread	47024
ssdread	50707
ssdread	46292
ssdread	46631
ssdread	49491
ssdread	47172
ssdread	46022
ssdread	46494
ssdread	46699
ssdread	50547
ssdread	46176
ssdread	50025
ssdread	49790
ssdread	50378
ssdread	54553
ssdread	49337
ssdread	49668
ssdread	46578
ssdread	50075
ssdread	46664
ssdread	46381
ssdread	46537
ssdread	49750
ssdread	49878
ssdread	46501
ssdread	51372
ssdread	50302
ssdread	50316
ssdread	49510
ssdread	46771
ssdread	50026
ssdread	47723
ssdread	50009
ssdread	46542
ssdread	49698
ssdread	50112
ssdread	49632
ssdread	46937
ssdread	46198
ssdread	50342
ssdread	49619
ssdread	46759
ssdread	46589
ssdread	46403
ssdread	49766
ssdread	49914
ssdread	47147
ssdread	46871
ssdread	46399
ssdread	49814
ssdread	50833
ssdread	47113
ssdread	46979
ssdread	46848
ssdread	55033
ssdread	49862
ssdread	46413
ssdread	46562
ssdread	50052
ssdread	50210
ssdread	46843
ssdread	49912
ssdread	50357
ssdread	47913
ssdread	50098
ssdread	50330
ssdread	49951
ssdread	46570
ssdread	50062
ssdread	46615
ssdread	46192
ssdread	47142
ssdread	50074
ssdread	49777
ssdread	46128
ssdread	50067
ssdread	49992
ssdread	50347
ssdread	49933
ssdread	49864
ssdread	49621
ssdread	50586
ssdread	50395
ssdread	51451
ssdread	46533
ssdread	46735
ssdread	49695
ssdread	50097
ssdread	45999
ssdread	46423
ssdread	46733
ssdread	50334
ssdread	49680
ssdread	47272
ssdread	49851
ssdread	50556
ssdread	49920
ssdread	49708
ssdread	46410
ssdread	50045
ssdread	49414
ssdread	50036
ssdread	46358
ssdread	49593
ssdread	49939
ssdread	49870
ssdread	46602
ssdread	50191
ssdread	46093
ssdread	49904
ssdread	46639
ssdread	46995
ssdread	47017
ssdread	50401
ssdread	49702
ssdread	47091
ssdread	59196
ssdread	62802
ssdread	46496
ssdread	50073
ssdread	50383
ssdread	46694
ssdread	49893
ssdread	49755
ssdread	46708
ssdread	47141
ssdread	46580
ssdread	46247
ssdread	49658
ssdread	46715
ssdread	50016
ssdread	49583
ssdread	50502
ssdread	49599
ssdread	46700
ssdread	50274
ssdread	46657
ssdread	46478
ssdread	47025
ssdread	46325
ssdread	46158
ssdread	46056
ssdread	47395
ssdread	50181
ssdread	46291
ssdread	50279
ssdread	46913
ssdread	50429
ssdread	49898
ssdread	49381
ssdread	46724
ssdread	47536
ssdread	51810
ssdread	50432
ssdread	46828
ssdread	46995
ssdread	51232
ssdread	50013
ssdread	47457
ssdread	49638
ssdread	50527
ssdread	46785
ssdread	46661
ssdread	56486
ssdread	49664
ssdread	46932
ssdread	49278
ssdread	46807
ssdread	46295
ssdread	50218
ssdread	55451
ssdread	50915
ssdread	50698
ssdread	50936
ssdread	46461
ssdread	47938
ssdread	50198
ssdread	47012
ssdread	49866
ssdread	47858
ssdread	50641
ssdread	50583
ssdread	50542
ssdread	50110
ssdread	50021
ssdread	46635
ssdread	50060
ssdread	46599
ssdread	49404
ssdread	50047
ssdread	46681
ssdread	49500
ssdread	50374
ssdread	47503
ssdread	48961
ssdread	47548
ssdread	49910
ssdread	47193
ssdread	47073
ssdread	50048
ssdread	49783
ssdread	50613
ssdread	49989
ssdread	50503
ssdread	50015
ssdread	49954
ssdread	50838
ssdread	49723
ssdread	46595
ssdread	46765
ssdread	49575
ssdread	46624
ssdread	46967
ssdread	46476
ssdread	47285
ssdread	47542
ssdread	50545
ssdread	45946
ssdread	46115
ssdread	50171
ssdread	46482
ssdread	47266
ssdread	49677
ssdread	51387
ssdread	46713
ssdread	47067
ssdread	49467
ssdread	49879
ssdread	49738
ssdread	47160
ssdread	50330
ssdread	50771
ssdread	50783
ssdread	50443
ssdread	46504
ssdread	46682
ssdread	46697
ssdread	47457
ssdread	49566
ssdread	47274
ssdread	46397
ssdread	47327
ssdread	47203
ssdread	46629
ssdread	46850
ssdread	47095
ssdread	49966
ssdread	46220
ssdread	49389
ssdread	46797
ssdread	46378
ssdread	46951
ssdread	46592
ssdread	46888
ssdread	50163
ssdread	50630
ssdread	48618
ssdread	47792
ssdread	46684
ssdread	46600
ssdread	46642
ssdread	50313
ssdread	46214
ssdread	50318
ssdread	49778
ssdread	46928
ssdread	45822
ssdread	49653
ssdread	49985
ssdread	46818
ssdread	50528
ssdread	50733
ssdread	50259
ssdread	51828
ssdread	46600
ssdread	47043
ssdread	49717
ssdread	50173
ssdread	50674
ssdread	50291
ssdread	101501
ssdread	85976
ssdread	47411
ssdread	46776
ssdread	50049
ssdread	46849
ssdread	58398
ssdread	46101
ssdread	49818
ssdread	49387
ssdread	50391
ssdread	49896
ssdread	50134
ssdread	50183
ssdread	49510
ssdread	49851
ssdread	50418
ssdread	47432
ssdread	49638
ssdread	45939
ssdread	47443
ssdread	46485
ssdread	49946
ssdread	49653
ssdread	49957
ssdread	46338
ssdread	46226
ssdread	50681
ssdread	46272
ssdread	46438
ssdread	49513
ssdread	47539
ssdread	50074
ssdread	49872
ssdread	46299
ssdread	47443
ssdread	46968
ssdread	46202
ssdread	46794
ssdread	50202
ssdread	46591
ssdread	50287
ssdread	49700
ssdread	46796
ssdread	49919
ssdread	50033
ssdread	50217
ssdread	49627
ssdread	47152
ssdread	46522
ssdread	52633
ssdread	136425
ssdread	53909
ssdread	50293
ssdread	51580
ssdread	46023
ssdread	49957
ssdread	49163
ssdread	50407
ssdread	49904
ssdread	50463
ssdread	49160
ssdread	49993
ssdread	47121
ssdread	50171
ssdread	46125
ssdread	50152
ssdread	46165
ssdread	49876
ssdread	49273
ssdread	49588
ssdread	49091
ssdread	50072
ssdread	49434
ssdread	47161
ssdread	45756
ssdread	46481
ssdread	46499
ssdread	51895
ssdread	46182
ssdread	49648
ssdread	46245
ssdread	45856
ssdread	46490
ssdread	48862
ssdread	50147
ssdread	49264
ssdread	46352
ssdread	45356
ssdread	62867
ssdread	59553
ssdread	46185
ssdread	131372
ssdread	48915
ssdread	46345
ssdread	46380
ssdread	45779
ssdread	47002
ssdread	49756
ssdread	46430
ssdread	50013
ssdread	50152
ssdread	49758
ssdread	49833
ssdread	45689
ssdread	46671
ssdread	49108
ssdread	46205
ssdread	49057
ssdread	46439
ssdread	45870
ssdread	50228
ssdread	46261
ssdread	48181
ssdread	50461
ssdread	51365
ssdread	49463
ssdread	47140
ssdread	49436
ssdread	47148
ssdread	56183
ssdread	49965
ssdread	56529
ssdread	61403
ssdread	47137
ssdread	47358
ssdread	47024
ssdread	50555
ssdread	49822
ssdread	50617
ssdread	50415
ssdread	50470
ssdread	49723
ssdread	50422
ssdread	50828
ssdread	54738
ssdread	50706
ssdread	46855
ssdread	49731
ssdread	47229
ssdread	47070
ssdread	50494
ssdread	50642
ssdread	46868
ssdread	46334
ssdread	46712
ssdread	50604
ssdread	49813
ssdread	46788
ssdread	49912
ssdread	46898
ssdread	50480
ssdread	50105
ssdread	47219
ssdread	48213
ssdread	47220
ssdread	47547
ssdread	49464
ssdread	50507
ssdread	65356
ssdread	63283
ssdread	50084
ssdread	46705
ssdread	46528
ssdread	50461
ssdread	47000
ssdread	50199
ssdread	50649
ssdread	47135
ssdread	49860
ssdread	50316
ssdread	46548
ssdread	46479
ssdread	51751
ssdread	47801
ssdread	50342
ssdread	50537
ssdread	50890
ssdread	50199
ssdread	47001
ssdread	47228
ssdread	46519
ssdread	49615
ssdread	49712
ssdread	47183
ssdread	45979
ssdread	52260
ssdread	49782
ssdread	50421
ssdread	47056
ssdread	49366
ssdread	49591
ssdread	46790
ssdread	46250
ssdread	50572
ssdread	51035
ssdread	49030
ssdread	48883
ssdread	46904
ssdread	47621
ssdread	46421
ssdread	46973
ssdread	50415
ssdread	50449
ssdread	50620
ssdread	50296
ssdread	46988
ssdread	47345
ssdread	50003
ssdread	50863
ssdread	46185
ssdread	45922
ssdread	49828
ssdread	46637
ssdread	50897
ssdread	51264
ssdread	46622
ssdread	46859
ssdread	46197
ssdread	50760
ssdread	49692
ssdread	46889
ssdread	49730
ssdread	49852
ssdread	50182
ssdread	46794
ssdread	46693
ssdread	46424
ssdread	49798
ssdread	47042
ssdread	49833
ssdread	46107
ssdread	46557
ssdread	46583
ssdread	49677
ssdread	46918
ssdread	50399
ssdread	54452
ssdread	46898
ssdread	47303
ssdread	46939
ssdread	46443
ssdread	46404
ssdread	46711
ssdread	46380
ssdread	46102
ssdread	49972
ssdread	50180
ssdread	49646
ssdread	50311
ssdread	49980
ssdread	50684
ssdread	47158
ssdread	63799
ssdread	63193
ssdread	50453
ssdread	50888
ssdread	49745
ssdread	49873
ssdread	50464
ssdread	46828
ssdread	46611
ssdread	50191
ssdread	49686
ssdread	50041
ssdread	47229
ssdread	46653
ssdread	46029
ssdread	49554
ssdread	46482
ssdread	50483
ssdread	46712
ssdread	49851
ssdread	46701
ssdread	50472
ssdread	51577
ssdread	53194
ssdread	49842
ssdread	49564
ssdread	48793
ssdread	48107
ssdread	46607
ssdread	54364
ssdread	52313
ssdread	50538
ssdread	51904
ssdread	52098
ssdread	52166
ssdread	51246
ssdread	50996
ssdread	51461
ssdread	47927
ssdread	50973
ssdread	48469
ssdread	48614
ssdread	50470
ssdread	47361
ssdread	46839
ssdread	47853
ssdread	50464
ssdread	47542
ssdread	47095
ssdread	55028
ssdread	50139
ssdread	50414
ssdread	49978
ssdread	46932
ssdread	46389
ssdread	50588
ssdread	50052
ssdread	46554
ssdread	50535
ssdread	50918
ssdread	50296
ssdread	47141
ssdread	52248
ssdread	53454
ssdread	47768
ssdread	47146
ssdread	50236
ssdread	49960
ssdread	47675
ssdread	46684
ssdread	49862
ssdread	49972
ssdread	50413
ssdread	50945
ssdread	50584
ssdread	47887
ssdread	46517
ssdread	50251
ssdread	50310
ssdread	47015
ssdread	46121
ssdread	50787
ssdread	47696
ssdread	47484
ssdread	50684
ssdread	46812
ssdread	50709
ssdread	50919
ssdread	50263
ssdread	46482
ssdread	50032
ssdread	49658
ssdread	50377
ssdread	47214
ssdread	47118
ssdread	50575
ssdread	47604
ssdread	47306
ssdread	50417
ssdread	49696
ssdread	46391
ssdread	50359
ssdread	50398
ssdread	47343
ssdread	46627
ssdread	47459
ssdread	47335
ssdread	50131
ssdread	50369
ssdread	53574
ssdread	46697
ssdread	47183
ssdread	46533
ssdread	46768
ssdread	46971
ssdread	50534
ssdread	46955
ssdread	50761
ssdread	49628
ssdread	50121
ssdread	47107
ssdread	46487
ssdread	46946
ssdread	47473
ssdread	51183
ssdread	47189
ssdread	46875
ssdread	49923
ssdread	50245
ssdread	47034
ssdread	62154
ssdread	67610
ssdread	47003
ssdread	46883
ssdread	47104
ssdread	46312
ssdread	47045
ssdread	59512
ssdread	50435
ssdread	46954
ssdread	47172
ssdread	50415
ssdread	46719
ssdread	46695
ssdread	54478
ssdread	50687
ssdread	47098
ssdread	46747
ssdread	50698
ssdread	50535
ssdread	47169
ssdread	46899
ssdread	50368
ssdread	46580
ssdread	46072
ssdread	50147
ssdread	49914
ssdread	47105
ssdread	46958
ssdread	49728
ssdread	50141
ssdread	50096
ssdread	47532
ssdread	50203
ssdread	47285
ssdread	47410
ssdread	50081
ssdread	47301
ssdread	47053
ssdread	50389
ssdread	50312
ssdread	50807
ssdread	50593
ssdread	50871
ssdread	46783
ssdread	49939
ssdread	50094
ssdread	46727
ssdread	47465
ssdread	50102
ssdread	50684
ssdread	46656
ssdread	46770
ssdread	50221
ssdread	52345
ssdread	50413
ssdread	46729
ssdread	47544
ssdread	50542
ssdread	50489
ssdread	46428
ssdread	46792
ssdread	51003
ssdread	50398
ssdread	47276
ssdread	49687
ssdread	46665
ssdread	46509
ssdread	46952
ssdread	47405
ssdread	46285
ssdread	46362
ssdread	46628
ssdread	47013
ssdread	46687
ssdread	47817
ssdread	58612
ssdread	49745
ssdread	47268
ssdread	50269
ssdread	46291
ssdread	66600
ssdread	63834
ssdread	47362
ssdread	50592
ssdread	50393
ssdread	47653
ssdread	46894
ssdread	46818
ssdread	46706
ssdread	47825
ssdread	46220
ssdread	46179
ssdread	47021
ssdread	46984
ssdread	50438
ssdread	53527
ssdread	50502
ssdread	58345
ssdread	63596
ssdread	50764
ssdread	46062
ssdread	49933
ssdread	47564
ssdread	46161
ssdread	45990
ssdread	47181
ssdread	50116
ssdread	46584
ssdread	49799
ssdread	50114
ssdread	47093
ssdread	49991
ssdread	46614
ssdread	50165
ssdread	47735
ssdread	46349
ssdread	50364
ssdread	47319
ssdread	47124
ssdread	47143
ssdread	50228
ssdread	46430
ssdread	46683
ssdread	50371
ssdread	50693
ssdread	46605
ssdread	49732
ssdread	50577
ssdread	46573
ssdread	49486
ssdread	46157
ssdread	50183
ssdread	49641
ssdread	47084
ssdread	46732
ssdread	47104
ssdread	47314
ssdread	47284
ssdread	47387
ssdread	46867
ssdread	48064
ssdread	49354
ssdread	50966
ssdread	47487
ssdread	46460
ssdread	47283
ssdread	47433
ssdread	47435
ssdread	50333
ssdread	51120
ssdread	50705
ssdread	47318
ssdread	50907
ssdread	46839
ssdread	46642
ssdread	53429
ssdread	59171
ssdread	50609
ssdread	46811
ssdread	50177
ssdread	47478
ssdread	50343
ssdread	47182
ssdread	50458
ssdread	50402
ssdread	50449
ssdread	46992
ssdread	50754
ssdread	47427
ssdread	50213
ssdread	50761
ssdread	50097
ssdread	50262
ssdread	46632
ssdread	59812
ssdread	69866
ssdread	51094
ssdread	47208
ssdread	47699
ssdread	46680
ssdread	47063
ssdread	50503
ssdread	47300
ssdread	46561
ssdread	50464
ssdread	47187
ssdread	46638
ssdread	47346
ssdread	47003
ssdread	47483
ssdread	50351
ssdread	47001
ssdread	50075
ssdread	47009
ssdread	46877
ssdread	50618
ssdread	55403
ssdread	50703
ssdread	46876
ssdread	47349
ssdread	50985
ssdread	47038
ssdread	51554
ssdread	46767
ssdread	50602
ssdread	50830
ssdread	49825
ssdread	50448
ssdread	47409
ssdread	54664
ssdread	47253
ssdread	50045
ssdread	50443
ssdread	47215
ssdread	46527
ssdread	50738
ssdread	47789
ssdread	60826
ssdread	51187
ssdread	47536
ssdread	47247
ssdread	47178
ssdread	51995
ssdread	50870
ssdread	51007
ssdread	46439
ssdread	50943
ssdread	63623
ssdread	62520
ssdread	50320
ssdread	50566
ssdread	58905
ssdread	50664
ssdread	53893
ssdread	51694
ssdread	51897
ssdread	51691
ssdread	49518
ssdread	52233
ssdread	50834
ssdread	47294
ssdread	50874
ssdread	50364
ssdread	47583
ssdread	50158
ssdread	48645
ssdread	47540
ssdread	48514
ssdread	46967
ssdread	47747
ssdread	50052
ssdread	47851
ssdread	54392
ssdread	48214
ssdread	50577
ssdread	48956
ssdread	50738
ssdread	48642
ssdread	47330
ssdread	51897
ssdread	47378
ssdread	47492
ssdread	55195
ssdread	48506
ssdread	50260
ssdread	47649
ssdread	50327
ssdread	50410
ssdread	49618
ssdread	50948
ssdread	47788
ssdread	50923
ssdread	50152
ssdread	48237
ssdread	47275
ssdread	48448
ssdread	50240
ssdread	50635
ssdread	50594
ssdread	47826
ssdread	50708
ssdread	47753
ssdread	46362
ssdread	50708
ssdread	49825
ssdread	51250
ssdread	50435
ssdread	47432
ssdread	46792
ssdread	51362
ssdread	46608
ssdread	47369
ssdread	49664
ssdread	51050
ssdread	50090
ssdread	48552
ssdread	46348
ssdread	51074
ssdread	49952
ssdread	55107
ssdread	47065
ssdread	54250
ssdread	50056
ssdread	50928
ssdread	49906
ssdread	50722
ssdread	46318
ssdread	50367
ssdread	50114
ssdread	50813
ssdread	49803
ssdread	51451
ssdread	50941
ssdread	51264
ssdread	50711
ssdread	47492
ssdread	48171
ssdread	50628
ssdread	48230
ssdread	50136
ssdread	50838
ssdread	50832
ssdread	47577
ssdread	46417
ssdread	50830
ssdread	50248
ssdread	47965
ssdread	50673
ssdread	51412
ssdread	51665
ssdread	48464
ssdread	47254
ssdread	51437
ssdread	47575
ssdread	48062
ssdread	48307
ssdread	52382
ssdread	47996
ssdread	52242
ssdread	47389
ssdread	50990
ssdread	48123
ssdread	48272
ssdread	48383
ssdread	50978
ssdread	51113
ssdread	47479
ssdread	49968
ssdread	51798
ssdread	52115
ssdread	51043
ssdread	50982
ssdread	51117
ssdread	50432
ssdread	57519
ssdread	49409
ssdread	51850
ssdread	51747
ssdread	47403
ssdread	50358
ssdread	47216
ssdread	50770
ssdread	47267
ssdread	50551
ssdread	47049
ssdread	52924
ssdread	47411
ssdread	49924
ssdread	50727
ssdread	49662
ssdread	50683
ssdread	50457
ssdread	48515
ssdread	47611
ssdread	46981
ssdread	47417
ssdread	56293
ssdread	50749
ssdread	51124
ssdread	50789
ssdread	47059
ssdread	54086
ssdread	48055
ssdread	47521
ssdread	50375
ssdread	47284
ssdread	47705
ssdread	47168
ssdread	46620
ssdread	47037
ssdread	50110
ssdread	50308
ssdread	50916
ssdread	47024
ssdread	50967
ssdread	51936
ssdread	47139
ssdread	50124
ssdread	48093
ssdread	51371
ssdread	49980
ssdread	51358
ssdread	48061
ssdread	46904
ssdread	50081
ssdread	51064
ssdread	51262
ssdread	47190
ssdread	50648
ssdread	50655
ssdread	50426
ssdread	50771
ssdread	50535
ssdread	50581
ssdread	63210
ssdread	63274
ssdread	50953
ssdread	49988
ssdread	47958
ssdread	50997
ssdread	47771
ssdread	46551
ssdread	50654
ssdread	47366
ssdread	50558
ssdread	50220
ssdread	47299
ssdread	47067
ssdread	47512
ssdread	51170
ssdread	51210
ssdread	51418
ssdread	51311
ssdread	47540
ssdread	46913
ssdread	46893
ssdread	58339
ssdread	46933
ssdread	47522
ssdread	50455
ssdread	50610
ssdread	47332
ssdread	54592
ssdread	50154
ssdread	47211
ssdread	47459
ssdread	51113
ssdread	50313
ssdread	60780
ssdread	64200
ssdread	50035
ssdread	51273
ssdread	50447
ssdread	46704
ssdread	46980
ssdread	47013
ssdread	50289
ssdread	46825
ssdread	50057
ssdread	50523
ssdread	50529
ssdread	47032
ssdread	47201
ssdread	50636
ssdread	50436
ssdread	50470
ssdread	50845
ssdread	50897
ssdread	47086
ssdread	50505
ssdread	47115
ssdread	46761
ssdread	47551
ssdread	51265
ssdread	51504
ssdread	51458
ssdread	51551
ssdread	50561
ssdread	47001
ssdread	47069
ssdread	46946
ssdread	52964
ssdread	50896
ssdread	47009
ssdread	50086
ssdread	46915
ssdread	50503
ssdread	50270
ssdread	50577
ssdread	50423
ssdread	50267
ssdread	46887
ssdread	46658
ssdread	50042
ssdread	50539
ssdread	51607
ssdread	50896
ssdread	48363
ssdread	46932
ssdread	51233
ssdread	50941
ssdread	50282
ssdread	51789
ssdread	50354
ssdread	46827
ssdread	50176
ssdread	46923
ssdread	46993
ssdread	47541
ssdread	51052
ssdread	49558
ssdread	50193
ssdread	50392
ssdread	46557
ssdread	46387
ssdread	50838
ssdread	47675
ssdread	49939
ssdread	50098
ssdread	46637
ssdread	50645
ssdread	50850
ssdread	46916
ssdread	50593
ssdread	46590
ssdread	47221
ssdread	49866
ssdread	50681
ssdread	46397
ssdread	50446
ssdread	50000
ssdread	46834
ssdread	47399
ssdread	50244
ssdread	47154
ssdread	50267
ssdread	53499
ssdread	51271
ssdread	50258
ssdread	46746
ssdread	50283
ssdread	50834
ssdread	46529
ssdread	50702
ssdread	50171
ssdread	47500
ssdread	49739
ssdread	47765
ssdread	46654
ssdread	50243
ssdread	46505
ssdread	47167
ssdread	46685
ssdread	47194
ssdread	49957
ssdread	48254
ssdread	51197
ssdread	51386
ssdread	47191
ssdread	60274
ssdread	47540
ssdread	51273
ssdread	50347
ssdread	47398
ssdread	46861
ssdread	46245
ssdread	46598
ssdread	50790
ssdread	46956
ssdread	47634
ssdread	49827
ssdread	50102
ssdread	49990
ssdread	50618
ssdread	46558
ssdread	47163
ssdread	50763
ssdread	50621
ssdread	46845
ssdread	50467
ssdread	50158
ssdread	47464
ssdread	46619
ssdread	46810
ssdread	46283
ssdread	47073
ssdread	46671
ssdread	46952
ssdread	51231
ssdread	50271
ssdread	50052
ssdread	46587
ssdread	50455
ssdread	47197
ssdread	46375
ssdread	47124
ssdread	47475
ssdread	47536
ssdread	49876
ssdread	47492
ssdread	50549
ssdread	50488
ssdread	417867
ssdread	90631
ssdread	51594
ssdread	50534
ssdread	51246
ssdread	47049
ssdread	48152
ssdread	51477
ssdread	51045
ssdread	48006
ssdread	51115
ssdread	47003
ssdread	48456
ssdread	50082
ssdread	47628
ssdread	47791
ssdread	55621
ssdread	46820
ssdread	51394
ssdread	47987
ssdread	51252
ssdread	48299
ssdread	49048
ssdread	51998
ssdread	49461
ssdread	55285
ssdread	50152
ssdread	48123
ssdread	51264
ssdread	50430
ssdread	50562
ssdread	47458
ssdread	51119
ssdread	50540
ssdread	47348
ssdread	46891
ssdread	50585
ssdread	50528
ssdread	47408
ssdread	50440
ssdread	47037
ssdread	47387
ssdread	47504
ssdread	50265
ssdread	47711
ssdread	47377
ssdread	47567
ssdread	50288
ssdread	50889
ssdread	50178
ssdread	47412
ssdread	50752
ssdread	47878
ssdread	50515
ssdread	51742
ssdread	50846
ssdread	51426
ssdread	50502
ssdread	51001
ssdread	46314
ssdread	50818
ssdread	50164
ssdread	47187
ssdread	47271
ssdread	63540
ssdread	54098
ssdread	47834
ssdread	51726
ssdread	47809
ssdread	51792
ssdread	50942
ssdread	48606
ssdread	365847
ssdread	108143
ssdread	53200
ssdread	51890
ssdread	48617
ssdread	51635
ssdread	47300
ssdread	49105
ssdread	48355
ssdread	50909
ssdread	51769
ssdread	50719
ssdread	52252
ssdread	51112
ssdread	52448
ssdread	48606
ssdread	48606
ssdread	53440
ssdread	51393
ssdread	52632
ssdread	52001
ssdread	47710
ssdread	51143
ssdread	48158
ssdread	48043
ssdread	47083
ssdread	51443
ssdread	50110
ssdread	51576
ssdread	47558
ssdread	46814
ssdread	46758
ssdread	47247
ssdread	46504
ssdread	51107
ssdread	50499
ssdread	51059
ssdread	50863
ssdread	47239
ssdread	50532
ssdread	51045
ssdread	50535
ssdread	47537
ssdread	50885
ssdread	48209
ssdread	51035
ssdread	47796
ssdread	79608
ssdread	53032
ssdread	50652
ssdread	52378
ssdread	47046
ssdread	51132
ssdread	47530
ssdread	50480
ssdread	47185
ssdread	51601
ssdread	50878
ssdread	48428
ssdread	47272
ssdread	51504
ssdread	50796
ssdread	51483
ssdread	50873
ssdread	46937
ssdread	50423
ssdread	47816
ssdread	47283
ssdread	47819
ssdread	47621
ssdread	51114
ssdread	51359
ssdread	47286
ssdread	63643
ssdread	61126
ssdread	47723
ssdread	47192
ssdread	48167
ssdread	46840
ssdread	51009
ssdread	47614
ssdread	49538
ssdread	50087
ssdread	47027
ssdread	46646
ssdread	50847
ssdread	47734
ssdread	52187
ssdread	47028
ssdread	50802
ssdread	50509
ssdread	47677
ssdread	50743
ssdread	50897
ssdread	47159
ssdread	48622
ssdread	46562
ssdread	47652
ssdread	50569
ssdread	47160
ssdread	47179
ssdread	48068
ssdread	47075
ssdread	50879
ssdread	50360
ssdread	47648
ssdread	47631
ssdread	47343
ssdread	46831
ssdread	47672
ssdread	51367
ssdread	51041
ssdread	50906
ssdread	51386
ssdread	51159
ssdread	51127
ssdread	52109
ssdread	51141
ssdread	54403
ssdread	51240
ssdread	48035
ssdread	50373
ssdread	48471
ssdread	52537
ssdread	52088
ssdread	51492
ssdread	54658
ssdread	50029
ssdread	48763
ssdread	50981
ssdread	51172
ssdread	50438
ssdread	47439
ssdread	47276
ssdread	50678
ssdread	52128
ssdread	52562
ssdread	52513
ssdread	55310
ssdread	53800
ssdread	53425
ssdread	53557
ssdread	49236
ssdread	53450
ssdread	50115
ssdread	52993
ssdread	54302
ssdread	50285
ssdread	52103
ssdread	51184
ssdread	50909
ssdread	86514
ssdread	54216
ssdread	53752
ssdread	52697
ssdread	52955
ssdread	52106
ssdread	50947
ssdread	48633
ssdread	54165
ssdread	52636
ssdread	50141
ssdread	51281
ssdread	48508
ssdread	55398
ssdread	53138
ssdread	51885
ssdread	53013
ssdread	51962
ssdread	53387
ssdread	48750
ssdread	49166
ssdread	51901
ssdread	49529
ssdread	49099
ssdread	47788
ssdread	52103
ssdread	52091
ssdread	51012
ssdread	54555
ssdread	47947
ssdread	51312
ssdread	52270
ssdread	52510
ssdread	49314
ssdread	52631
ssdread	52208
ssdread	57079
ssdread	52036
ssdread	55704
ssdread	51073
ssdread	51363
ssdread	51177
ssdread	51890
ssdread	49255
ssdread	51844
ssdread	51300
ssdread	52026
ssdread	48544
ssdread	49549
ssdread	48348
ssdread	52111
ssdread	52317
ssdread	52656
ssdread	52666
ssdread	49509
ssdread	49611
ssdread	54152
ssdread	51167
ssdread	52430
ssdread	52290
ssdread	49224
ssdread	48311
ssdread	49052
ssdread	52476
ssdread	49591
ssdread	48364
ssdread	48878
ssdread	48732
ssdread	48980
ssdread	50870
ssdread	48881
ssdread	48081
ssdread	48446
ssdread	48338
ssdread	48297
ssdread	50966
ssdread	47903
ssdread	51462
ssdread	51705
ssdread	47645
ssdread	51654
ssdread	47581
ssdread	48250
ssdread	50758
ssdread	48102
ssdread	46951
ssdread	48251
ssdread	51036
ssdread	54007
ssdread	51139
ssdread	51624
ssdread	47235
ssdread	52907
ssdread	51351
ssdread	48301
ssdread	51117
ssdread	51148
ssdread	51556
ssdread	51136
ssdread	50460
ssdread	48100
ssdread	50564
ssdread	61506
ssdread	63126
ssdread	50762
ssdread	50982
ssdread	50385
ssdread	47756
ssdread	46508
ssdread	47810
ssdread	46313
ssdread	47855
ssdread	51956
ssdread	48145
ssdread	50638
ssdread	48163
ssdread	47196
ssdread	51476
ssdread	47305
ssdread	47263
ssdread	50669
ssdread	47548
ssdread	49972
ssdread	47807
ssdread	47350
ssdread	47629
ssdread	49717
ssdread	47678
ssdread	50651
ssdread	50427
ssdread	50421
ssdread	47738
ssdread	46925
ssdread	47106
ssdread	53232
ssdread	50970
ssdread	47466
ssdread	50927
ssdread	50415
ssdread	47522
ssdread	49849
ssdread	51403
ssdread	46941
ssdread	50499
ssdread	46238
ssdread	47136
ssdread	46529
ssdread	47110
ssdread	50330
ssdread	47927
ssdread	54989
ssdread	47652
ssdread	47266
ssdread	51054
ssdread	47243
ssdread	47320
ssdread	50204
ssdread	47489
ssdread	50984
ssdread	55179
ssdread	47450
ssdread	50904
ssdread	50665
ssdread	51086
ssdread	50669
ssdread	50551
ssdread	50913
ssdread	47279
ssdread	50379
ssdread	47319
ssdread	50432
ssdread	51059
ssdread	46606
ssdread	51619
ssdread	46880
ssdread	51166
ssdread	46969
ssdread	47436
ssdread	47267
ssdread	47203
ssdread	47716
ssdread	48866
ssdread	49849
ssdread	47410
ssdread	50713
ssdread	47673
ssdread	50610
ssdread	48440
ssdread	50655
ssdread	47559
ssdread	49813
ssdread	46479
ssdread	50234
ssdread	56472
ssdread	47544
ssdread	51341
ssdread	50006
ssdread	51371
ssdread	47696
ssdread	50688
ssdread	46442
ssdread	47448
ssdread	47221
ssdread	51527
ssdread	50679
ssdread	50868
ssdread	46598
ssdread	47573
ssdread	46812
ssdread	51095
ssdread	47025
ssdread	50918
ssdread	46780
ssdread	51263
ssdread	50411
ssdread	50751
ssdread	50451
ssdread	51153
ssdread	49839
ssdread	46853
ssdread	46473
ssdread	47022
ssdread	50558
ssdread	51501
ssdread	49892
ssdread	47594
ssdread	49828
ssdread	53040
ssdread	59967
ssdread	47464
ssdread	46851
ssdread	50545
ssdread	50491
ssdread	47478
ssdread	46763
ssdread	49416
ssdread	50635
ssdread	51535
ssdread	47480
ssdread	50917
ssdread	47195
ssdread	47171
ssdread	49993
ssdread	46795
ssdread	50380
ssdread	50943
ssdread	50412
ssdread	50883
ssdread	50140
ssdread	50947
ssdread	60733
ssdread	74159
ssdread	47339
ssdread	51128
ssdread	51050
ssdread	48424
ssdread	48216
ssdread	49099
ssdread	51541
ssdread	47341
ssdread	47175
ssdread	46928
ssdread	48358
ssdread	46683
ssdread	47729
ssdread	51101
ssdread	47168
ssdread	46908
ssdread	51469
ssdread	50421
ssdread	49853
ssdread	50757
ssdread	47783
ssdread	50548
ssdread	47292
ssdread	46616
ssdread	51131
ssdread	48064
ssdread	50155
ssdread	47009
ssdread	64691
ssdread	51199
ssdread	46686
ssdread	47395
ssdread	46362
ssdread	50685
ssdread	50758
ssdread	47956
ssdread	50502
ssdread	47643
ssdread	47130
ssdread	47258
ssdread	50716
ssdread	56227
ssdread	47368
ssdread	47906
ssdread	50158
ssdread	47493
ssdread	49661
ssdread	46508
ssdread	46567
ssdread	50710
ssdread	50122
ssdread	47211
ssdread	49876
ssdread	50063
ssdread	46591
ssdread	47471
ssdread	49517
ssdread	46874
ssdread	50183
ssdread	50366
ssdread	46603
ssdread	48556
ssdread	61209
ssdread	47242
ssdread	51010
ssdread	47671
ssdread	47631
ssdread	50650
ssdread	46310
ssdread	51677
ssdread	46982
ssdread	51614
ssdread	49935
ssdread	47737
ssdread	46595
ssdread	52044
ssdread	50142
ssdread	50191
ssdread	50019
ssdread	46888
ssdread	49747
ssdread	48879
ssdread	47751
ssdread	50561
ssdread	51667
ssdread	50364
ssdread	46983
ssdread	46950
ssdread	49927
ssdread	50324
ssdread	46871
ssdread	47471
ssdread	46657
ssdread	47224
ssdread	49437
ssdread	50147
ssdread	46261
ssdread	50366
ssdread	49664
ssdread	46891
ssdread	49841
ssdread	94565
ssdread	53467
ssdread	53594
ssdread	53093
ssdread	52617
ssdread	53514
ssdread	59511
ssdread	53235
ssdread	57581
ssdread	57487
ssdread	56777
ssdread	54446
ssdread	53489
ssdread	55836
ssdread	56328
ssdread	56573
ssdread	55116
ssdread	55578
ssdread	54164
ssdread	56382
ssdread	54122
ssdread	56200
ssdread	54328
ssdread	56234
ssdread	57638
ssdread	56360
ssdread	56941
ssdread	56086
ssdread	56650
ssdread	56377
ssdread	50059
ssdread	52640
ssdread	53013
ssdread	54577
ssdread	49813
ssdread	52561
ssdread	51426
ssdread	52801
ssdread	50185
ssdread	53257
ssdread	53706
ssdread	49633
ssdread	49433
ssdread	52258
ssdread	49634
ssdread	49416
ssdread	49082
ssdread	64308
ssdread	66001
ssdread	49643
ssdread	52728
ssdread	46885
ssdread	50081
ssdread	47092
ssdread	46319
ssdread	46938
ssdread	46888
ssdread	50223
ssdread	50517
ssdread	46970
ssdread	46499
ssdread	50277
ssdread	46392
ssdread	46573
ssdread	50226
ssdread	46965
ssdread	47102
ssdread	50496
ssdread	50795
ssdread	46980
ssdread	45943
ssdread	47133
ssdread	46279
ssdread	50044
ssdread	49775
ssdread	51032
ssdread	53527
ssdread	48627
ssdread	47302
ssdread	47625
ssdread	50698
ssdread	51279
ssdread	49568
ssdread	50535
ssdread	46804
ssdread	47037
ssdread	49835
ssdread	50515
ssdread	46622
ssdread	49988
ssdread	46093
ssdread	50678
ssdread	46850
ssdread	59974
ssdread	50480
ssdread	50374
ssdread	47545
ssdread	52936
ssdread	50652
ssdread	50124
ssdread	46386
ssdread	50434
ssdread	46736
ssdread	46718
ssdread	49777
ssdread	46806
ssdread	46590
ssdread	50081
ssdread	49751
ssdread	61446
ssdread	63079
ssdread	46066
ssdread	47049
ssdread	47527
ssdread	50030
ssdread	49976
ssdread	48878
ssdread	46427
ssdread	50649
ssdread	50063
ssdread	50126
ssdread	49800
ssdread	47283
ssdread	49801
ssdread	46641
ssdread	49827
ssdread	50114
ssdread	49958
ssdread	50623
ssdread	46295
ssdread	47471
ssdread	53622
ssdread	47087
ssdread	46432
ssdread	46712
ssdread	49803
ssdread	47481
ssdread	49891
ssdread	50296
ssdread	46337
ssdread	50175
ssdread	50527
ssdread	50586
ssdread	46302
ssdread	49631
ssdread	49761
ssdread	50120
ssdread	49954
ssdread	46919
ssdread	49488
ssdread	50562
ssdread	50061
ssdread	50432
ssdread	46554
ssdread	50902
ssdread	50164
ssdread	47193
ssdread	47760
ssdread	47519
ssdread	47285
ssdread	50949
ssdread	50430
ssdread	51921
ssdread	49740
ssdread	47436
ssdread	50141
ssdread	47507
ssdread	49899
ssdread	50485
ssdread	46813
ssdread	50186
ssdread	46483
ssdread	46694
ssdread	46537
ssdread	47712
ssdread	50217
ssdread	46082
ssdread	46652
ssdread	51608
ssdread	111577
ssdread	83981
ssdread	84713
ssdread	79195
ssdread	90276
ssdread	94873
ssdread	59237
ssdread	60395
ssdread	50622
ssdread	50110
ssdread	50130
ssdread	46460
ssdread	49409
ssdread	55419
ssdread	50662
ssdread	52068
ssdread	47029
ssdread	46661
ssdread	50197
ssdread	47279
ssdread	50207
ssdread	47088
ssdread	49628
ssdread	45732
ssdread	47782
ssdread	50794
ssdread	49940
ssdread	49538
ssdread	50096
ssdread	46658
ssdread	46442
ssdread	46390
ssdread	63163
ssdread	60428
ssdread	57059
ssdread	46830
ssdread	50177
ssdread	46931
ssdread	49640
ssdread	49349
ssdread	46161
ssdread	49790
ssdread	49547
ssdread	47329
ssdread	49487
ssdread	46423
ssdread	46806
ssdread	45872
ssdread	46432
ssdread	49901
ssdread	46781
ssdread	46121
ssdread	49673
ssdread	47586
ssdread	46493
ssdread	50300
ssdread	46621
ssdread	46363
ssdread	45927
ssdread	46280
ssdread	49671
ssdread	46717
ssdread	46565
ssdread	50022
ssdread	49946
ssdread	54012
ssdread	46499
ssdread	49479
ssdread	49664
ssdread	49811
ssdread	46886
ssdread	49771
ssdread	50189
ssdread	46485
ssdread	46218
ssdread	58394
ssdread	47083
ssdread	49552
ssdread	49837
ssdread	50545
ssdread	46882
ssdread	45857
ssdread	49617
ssdread	47849
ssdread	46719
ssdread	50192
ssdread	49715
ssdread	46216
ssdread	49598
ssdread	47485
ssdread	46326
ssdread	50296
ssdread	50042
ssdread	50705
ssdread	49930
ssdread	49792
ssdread	46840
ssdread	49903
ssdread	46483
ssdread	50123
ssdread	46432
ssdread	46552
ssdread	46788
ssdread	46706
ssdread	49714
ssdread	46555
ssdread	49421
ssdread	49973
ssdread	49540
ssdread	50043
ssdread	46939
ssdread	50032
ssdread	49379
ssdread	49630
ssdread	50229
ssdread	51940
ssdread	49658
ssdread	46080
ssdread	107385
ssdread	113413
ssdread	117197
ssdread	89424
ssdread	85911
ssdread	103122
ssdread	51273
ssdread	51248
ssdread	50237
ssdread	46862
ssdread	50070
ssdread	47911
ssdread	50788
ssdread	47071
ssdread	48102
ssdread	46327
ssdread	50621
ssdread	50159
ssdread	46759
ssdread	50573
ssdread	47189
ssdread	46498
ssdread	50032
ssdread	47435
ssdread	50398
ssdread	46983
ssdread	49668
ssdread	62246
ssdread	50444
ssdread	47174
ssdread	55923
ssdread	46782
ssdread	49990
ssdread	50040
ssdread	51830
ssdread	49855
ssdread	70892
ssdread	51765
ssdread	46795
ssdread	49873
ssdread	46333
ssdread	50936
ssdread	50060
ssdread	47041
ssdread	50155
ssdread	56414
ssdread	50133
ssdread	63253
ssdread	61933
ssdread	46701
ssdread	50378
ssdread	50152
ssdread	46918
ssdread	49850
ssdread	50304
ssdread	49672
ssdread	50054
ssdread	45792
ssdread	47384
ssdread	50428
ssdread	47219
ssdread	46811
ssdread	50832
ssdread	46883
ssdread	50312
ssdread	50535
ssdread	63119
ssdread	47375
ssdread	50045
ssdread	47159
ssdread	46402
ssdread	52637
ssdread	46592
ssdread	47509
ssdread	46108
ssdread	48839
ssdread	50129
ssdread	47313
ssdread	46149
ssdread	50039
ssdread	46820
ssdread	46741
ssdread	50004
ssdread	46457
ssdread	49513
ssdread	46924
ssdread	49876
ssdread	50428
ssdread	49582
ssdread	49765
ssdread	47215
ssdread	50734
ssdread	48234
ssdread	46790
ssdread	50033
ssdread	47835
ssdread	49417
ssdread	72685
ssdread	50637
ssdread	46684
ssdread	49986
ssdread	49586
ssdread	50120
ssdread	46249
ssdread	47165
ssdread	46689
ssdread	47226
ssdread	72731
ssdread	50679
ssdread	50885
ssdread	46584
ssdread	47462
ssdread	46815
ssdread	47008
ssdread	47364
ssdread	47003
ssdread	46956
ssdread	51519
ssdread	48591
ssdread	46542
ssdread	50014
ssdread	47872
ssdread	50471
ssdread	46889
ssdread	45949
ssdread	47176
ssdread	46402
ssdread	46898
ssdread	49504
ssdread	47044
ssdread	45916
ssdread	50468
ssdread	46923
ssdread	47050
ssdread	49824
ssdread	50000
ssdread	49896
ssdread	47135
ssdread	49464
ssdread	46377
ssdread	46398
ssdread	51407
ssdread	46351
ssdread	56501
ssdread	47069
ssdread	49692
ssdread	47385
ssdread	47051
ssdread	50096
ssdread	49839
ssdread	47602
ssdread	49838
ssdread	50183
ssdread	49370
ssdread	47468
ssdread	50253
ssdread	49936
ssdread	46053
ssdread	46927
ssdread	46364
ssdread	50093
ssdread	49715
ssdread	47429
ssdread	49488
ssdread	47429
ssdread	46324
ssdread	46303
ssdread	50050
ssdread	47777
ssdread	49839
ssdread	50589
ssdread	50075
ssdread	50193
ssdread	52602
ssdread	49786
ssdread	50026
ssdread	47036
ssdread	47064
ssdread	46550
ssdread	46148
ssdread	50479
ssdread	49877
ssdread	46384
ssdread	46616
ssdread	50433
ssdread	50947
ssdread	52224
ssdread	50897
ssdread	46317
ssdread	50155
ssdread	51353
ssdread	47696
ssdread	46353
ssdread	46743
ssdread	46297
ssdread	50225
ssdread	50735
ssdread	50797
ssdread	50543
ssdread	50070
ssdread	50493
ssdread	54873
ssdread	50226
ssdread	164228
ssdread	52028
ssdread	51116
ssdread	47582
ssdread	47308
ssdread	50047
ssdread	46892
ssdread	47632
ssdread	54942
ssdread	50057
ssdread	50192
ssdread	47286
ssdread	47086
ssdread	50893
ssdread	47089
ssdread	47564
ssdread	50281
ssdread	50383
ssdread	49937
ssdread	64686
ssdread	46492
ssdread	48967
ssdread	51141
ssdread	50470
ssdread	46939
ssdread	50783
ssdread	46309
ssdread	50228
ssdread	52543
ssdread	52356
ssdread	50804
ssdread	50152
ssdread	47874
ssdread	46098
ssdread	46117
ssdread	46816
ssdread	50479
ssdread	62981
ssdread	60503
ssdread	49640
ssdread	45971
ssdread	47109
ssdread	49704
ssdread	46250
ssdread	50311
ssdread	50607
ssdread	47406
ssdread	81518
ssdread	48660
ssdread	50914
ssdread	50249
ssdread	47271
ssdread	47252
ssdread	47027
ssdread	51240
ssdread	50535
ssdread	50005
ssdread	50180
ssdread	50664
ssdread	58305
ssdread	63758
ssdread	46579
ssdread	50218
ssdread	47477
ssdread	51656
ssdread	68159
ssdread	48085
ssdread	47236
ssdread	47683
ssdread	47388
ssdread	51397
ssdread	47437
ssdread	51134
ssdread	47277
ssdread	50395
ssdread	50329
ssdread	59439
ssdread	49483
ssdread	62921
ssdread	62345
ssdread	49121
ssdread	47085
ssdread	49199
ssdread	47635
ssdread	49706
ssdread	50464
ssdread	50187
ssdread	47732
ssdread	45599
ssdread	46407
ssdread	49540
ssdread	50837
ssdread	46007
ssdread	49796
ssdread	49924
ssdread	51080
ssdread	49117
ssdread	401516
ssdread	103914
ssdread	48943
ssdread	46916
ssdread	47588
ssdread	49754
ssdread	50306
ssdread	46536
ssdread	50553
ssdread	49601
ssdread	50818
ssdread	50171
ssdread	50002
ssdread	46865
ssdread	48803
ssdread	50722
ssdread	48554
ssdread	47700
ssdread	51285
ssdread	51152
ssdread	53043
ssdread	53641
ssdread	50472
ssdread	53920
ssdread	55372
ssdread	54163
ssdread	49975
ssdread	47646
ssdread	48098
ssdread	51227
ssdread	48094
ssdread	50662
ssdread	48669
ssdread	46760
ssdread	52130
ssdread	49692
ssdread	47655
ssdread	46807
ssdread	47787
ssdread	49561
ssdread	47626
ssdread	51208
ssdread	47131
ssdread	46635
ssdread	48200
ssdread	45860
ssdread	46970
ssdread	49302
ssdread	51558
ssdread	46055
ssdread	52285
ssdread	46784
ssdread	50432
ssdread	47159
ssdread	49737
ssdread	46689
ssdread	48516
ssdread	49521
ssdread	46993
ssdread	52240
ssdread	58004
ssdread	50164
ssdread	50359
ssdread	47271
ssdread	49354
ssdread	51738
ssdread	47226
ssdread	51646
ssdread	52010
ssdread	78773
ssdread	47874
ssdread	326962
ssdread	102040
ssdread	76352
ssdread	52438
ssdread	51135
ssdread	51027
ssdread	50304
ssdread	48779
ssdread	50943
ssdread	51245
ssdread	50607
ssdread	48134
ssdread	48439
ssdread	49020
ssdread	51824
ssdread	53078
ssdread	51858
ssdread	51340
ssdread	49268
ssdread	53518
ssdread	52978
ssdread	49464
ssdread	50582
ssdread	49170
ssdread	47138
ssdread	48092
ssdread	52530
ssdread	52874
ssdread	76375
ssdread	53013
ssdread	50317
ssdread	56407
ssdread	64802
ssdread	51674
ssdread	54568
ssdread	49068
ssdread	49281
ssdread	47818
ssdread	49876
ssdread	52676
ssdread	53024
ssdread	50079
ssdread	49359
ssdread	51049
ssdread	51651
ssdread	51175
ssdread	48408
ssdread	47994
ssdread	49154
ssdread	51092
ssdread	51680
ssdread	51517
ssdread	47741
ssdread	48815
ssdread	51461
ssdread	47378
ssdread	51319
ssdread	48620
ssdread	51447
ssdread	48827
ssdread	51310
ssdread	52682
ssdread	48908
ssdread	48932
ssdread	51968
ssdread	49251
ssdread	47624
ssdread	49822
ssdread	54521
ssdread	52143
ssdread	51369
ssdread	47927
ssdread	51444
ssdread	51124
ssdread	51260
ssdread	48050
ssdread	47858
ssdread	48096
ssdread	48468
ssdread	47062
ssdread	46776
ssdread	51548
ssdread	51582
ssdread	51267
ssdread	47908
ssdread	51400
ssdread	47810
ssdread	51204
ssdread	50939
ssdread	51232
ssdread	47985
ssdread	47802
ssdread	46946
ssdread	48092
ssdread	51216
ssdread	47574
ssdread	47784
ssdread	48097
ssdread	50536
ssdread	51476
ssdread	50918
ssdread	51360
ssdread	48226
ssdread	46919
ssdread	50365
ssdread	51237
ssdread	50845
ssdread	48262
ssdread	48892
ssdread	48484
ssdread	50757
ssdread	52298
ssdread	51677
ssdread	47907
ssdread	64951
ssdread	53582
ssdread	51983
ssdread	50957
ssdread	51965
ssdread	48568
ssdread	57297
ssdread	49916
ssdread	52706
ssdread	51312
ssdread	50897
ssdread	51019
ssdread	47516
ssdread	52889
ssdread	56095
ssdread	58530
ssdread	64365
ssdread	56806
ssdread	50186
ssdread	49968
ssdread	50420
ssdread	53392
ssdread	49320
ssdread	50879
ssdread	54671
ssdread	51400
ssdread	55210
ssdread	52863
ssdread	52757
ssdread	53538
ssdread	53031
ssdread	49134
ssdread	54270
ssdread	54137
ssdread	51136
ssdread	56186
ssdread	49556
ssdread	54406
ssdread	54754
ssdread	55646
ssdread	49110
ssdread	51978
ssdread	47834
ssdread	48325
ssdread	48641
ssdread	51699
ssdread	55501
ssdread	47627
ssdread	47877
ssdread	48823
ssdread	47724
ssdread	46876
ssdread	51455
ssdread	47936
ssdread	47885
ssdread	47164
ssdread	59238
ssdread	59191
ssdread	55912
ssdread	56256
ssdread	54053
ssdread	54111
ssdread	56872
ssdread	58755
ssdread	61301
ssdread	55607
ssdread	55107
ssdread	54516
ssdread	55315
ssdread	57945
ssdread	57462
ssdread	54070
ssdread	53916
ssdread	57702
ssdread	53514
ssdread	53310
ssdread	54342
ssdread	53406
ssdread	56999
ssdread	56952
ssdread	53506
ssdread	54812
ssdread	54320
ssdread	54317
ssdread	53485
ssdread	53528
ssdread	53793
ssdread	51166
ssdread	50348
ssdread	49999
ssdread	53302
ssdread	53184
ssdread	53469
ssdread	49920
ssdread	53352
ssdread	53616
ssdread	50456
ssdread	53035
ssdread	53902
ssdread	53401
ssdread	50659
ssdread	50187
ssdread	53823
ssdread	54945
ssdread	53454
ssdread	50178
ssdread	53205
ssdread	49580
ssdread	53118
ssdread	50514
ssdread	50023
ssdread	50043
ssdread	53641
ssdread	69778
ssdread	80133
ssdread	47986
ssdread	48251
ssdread	46833
ssdread	50793
ssdread	51144
ssdread	47475
ssdread	50646
ssdread	50900
ssdread	46808
ssdread	48490
ssdread	47703
ssdread	48385
ssdread	50732
ssdread	50736
ssdread	50736
ssdread	51486
ssdread	51205
ssdread	47745
ssdread	51103
ssdread	50492
ssdread	47572
ssdread	51306
ssdread	46842
ssdread	47302
ssdread	47448
ssdread	51044
ssdread	50328
ssdread	50474
ssdread	47042
ssdread	50258
ssdread	50245
ssdread	47217
ssdread	47174
ssdread	50785
ssdread	47723
ssdread	50135
ssdread	46739
ssdread	51140
ssdread	47358
ssdread	50580
ssdread	48863
ssdread	51461
ssdread	50884
ssdread	50752
ssdread	48650
ssdread	51042
ssdread	50209
ssdread	50825
ssdread	50305
ssdread	50495
ssdread	49980
ssdread	51499
ssdread	47290
ssdread	50803
ssdread	50308
ssdread	50875
ssdread	47250
ssdread	47142
ssdread	48099
ssdread	50959
ssdread	50847
ssdread	51216
ssdread	47876
ssdread	53060
ssdread	51107
ssdread	47941
ssdread	47431
ssdread	51544
ssdread	50681
ssdread	48008
ssdread	50185
ssdread	48153
ssdread	50916
ssdread	51443
ssdread	51214
ssdread	47507
ssdread	50049
ssdread	50790
ssdread	47563
ssdread	47559
ssdread	47070
ssdread	47705
ssdread	50386
ssdread	51262
ssdread	52306
ssdread	49701
ssdread	51145
ssdread	47080
ssdread	47333
ssdread	50937
ssdread	46724
ssdread	47349
ssdread	50673
ssdread	47471
ssdread	46842
ssdread	50271
ssdread	47031
ssdread	48088
ssdread	47058
ssdread	51709
ssdread	50327
ssdread	51082
ssdread	46762
ssdread	51080
ssdread	50665
ssdread	58163
ssdread	98206
ssdread	105743
ssdread	54913
ssdread	51778
ssdread	119994
ssdread	54316
ssdread	51349
ssdread	48253
ssdread	48293
ssdread	50890
ssdread	52939
ssdread	51044
ssdread	50621
ssdread	48096
ssdread	51451
ssdread	48499
ssdread	47762
ssdread	51031
ssdread	47949
ssdread	51213
ssdread	50468
ssdread	50964
ssdread	47386
ssdread	48299
ssdread	89097
ssdread	109626
ssdread	52647
ssdread	51081
ssdread	51981
ssdread	47663
ssdread	47385
ssdread	48070
ssdread	51505
ssdread	48212
ssdread	48117
ssdread	50718
ssdread	48285
ssdread	52768
ssdread	50992
ssdread	47414
ssdread	47617
ssdread	52245
ssdread	51138
ssdread	47031
ssdread	47880
ssdread	47309
ssdread	47119
ssdread	50507
ssdread	50451
ssdread	50073
ssdread	50879
ssdread	46926
ssdread	47251
ssdread	51414
ssdread	57169
ssdread	50186
ssdread	63377
ssdread	49974
ssdread	50460
ssdread	51399
ssdread	51157
ssdread	50995
ssdread	50441
ssdread	51099
ssdread	47239
ssdread	49631
ssdread	47175
ssdread	47228
ssdread	50857
ssdread	50095
ssdread	47886
ssdread	50795
ssdread	54470
ssdread	51137
ssdread	50584
ssdread	49878
ssdread	47068
ssdread	50183
ssdread	46982
ssdread	46830
ssdread	50612
ssdread	46701
ssdread	46820
ssdread	50333
ssdread	46865
ssdread	47237
ssdread	50712
ssdread	46638
ssdread	46777
ssdread	49998
ssdread	50252
ssdread	47650
ssdread	50251
ssdread	47811
ssdread	46443
ssdread	49938
ssdread	46436
ssdread	47743
ssdread	46745
ssdread	51708
ssdread	47405
ssdread	47525
ssdread	50175
ssdread	50498
ssdread	46930
ssdread	47080
ssdread	47053
ssdread	46980
ssdread	51582
ssdread	47091
ssdread	50716
ssdread	50146
ssdread	47113
ssdread	48675
ssdread	50372
ssdread	47513
ssdread	52009
ssdread	47382
ssdread	47664
ssdread	56621
ssdread	51880
ssdread	46383
ssdread	46945
ssdread	46845
ssdread	50207
ssdread	46939
ssdread	50052
ssdread	46412
ssdread	50088
ssdread	50311
ssdread	50239
ssdread	50697
ssdread	49869
ssdread	47440
ssdread	50904
ssdread	47625
ssdread	47032
ssdread	50269
ssdread	49910
ssdread	46530
ssdread	62983
ssdread	63374
ssdread	47954
ssdread	50008
ssdread	50731
ssdread	50879
ssdread	46466
ssdread	50178
ssdread	46438
ssdread	46926
ssdread	46843
ssdread	59653
ssdread	63329
ssdread	53435
ssdread	50439
ssdread	49888
ssdread	46565
ssdread	47190
ssdread	54287
ssdread	46345
ssdread	50986
ssdread	46685
ssdread	50146
ssdread	49895
ssdread	47878
ssdread	49566
ssdread	46623
ssdread	49722
ssdread	50329
ssdread	50553
ssdread	46184
ssdread	50249
ssdread	46772
ssdread	63689
ssdread	50566
ssdread	50369
ssdread	49793
ssdread	47476
ssdread	54039
ssdread	46362
ssdread	46411
ssdread	46926
ssdread	46760
ssdread	46878
ssdread	59246
ssdread	53132
ssdread	46498
ssdread	46003
ssdread	49980
ssdread	50138
ssdread	50021
ssdread	46788
ssdread	46822
ssdread	48705
ssdread	47362
ssdread	46602
ssdread	46301
ssdread	46615
ssdread	50387
ssdread	46620
ssdread	49899
ssdread	46204
ssdread	46304
ssdread	46326
ssdread	46878
ssdread	50240
ssdread	50255
ssdread	50451
ssdread	46340
ssdread	50363
ssdread	46905
ssdread	46586
ssdread	46619
ssdread	55945
ssdread	150159
ssdread	87348
ssdread	118638
ssdread	102205
ssdread	86985
ssdread	81463
ssdread	51335
ssdread	47223
ssdread	51046
ssdread	50580
ssdread	50245
ssdread	46551
ssdread	48133
ssdread	47233
ssdread	50855
ssdread	46790
ssdread	50630
ssdread	46278
ssdread	47289
ssdread	50613
ssdread	46295
ssdread	49583
ssdread	50687
ssdread	49957
ssdread	47513
ssdread	45997
ssdread	50333
ssdread	47190
ssdread	58212
ssdread	50461
ssdread	46445
ssdread	51106
ssdread	50164
ssdread	50561
ssdread	50175
ssdread	47640
ssdread	46656
ssdread	46449
ssdread	50374
ssdread	47252
ssdread	49845
ssdread	77478
ssdread	47504
ssdread	47103
ssdread	47727
ssdread	63084
ssdread	62666
ssdread	47369
ssdread	46480
ssdread	50821
ssdread	46643
ssdread	47254
ssdread	50939
ssdread	54518
ssdread	46961
ssdread	50555
ssdread	47299
ssdread	47450
ssdread	50398
ssdread	47351
ssdread	50281
ssdread	51312
ssdread	47345
ssdread	46562
ssdread	46372
ssdread	47628
ssdread	47052
ssdread	46403
ssdread	49815
ssdread	51027
ssdread	50000
ssdread	50333
ssdread	46420
ssdread	51401
ssdread	50477
ssdread	50090
ssdread	46737
ssdread	51516
ssdread	50500
ssdread	76740
ssdread	51701
ssdread	47483
ssdread	50763
ssdread	50241
ssdread	47345
ssdread	49784
ssdread	50323
ssdread	50753
ssdread	50664
ssdread	49539
ssdread	54237
ssdread	50797
ssdread	49749
ssdread	47350
ssdread	50717
ssdread	50335
ssdread	46742
ssdread	46894
ssdread	46945
ssdread	46595
ssdread	50547
ssdread	49548
ssdread	46571
ssdread	50208
ssdread	46564
ssdread	46186
ssdread	50690
ssdread	47620
ssdread	47138
ssdread	49584
ssdread	46784
ssdread	49558
ssdread	47471
ssdread	47061
ssdread	46953
ssdread	49483
ssdread	47072
ssdread	46618
ssdread	46816
ssdread	50203
ssdread	50593
ssdread	46589
ssdread	46757
ssdread	47281
ssdread	51021
ssdread	46667
ssdread	46347
ssdread	47697
ssdread	50842
ssdread	59758
ssdread	63135
ssdread	50149
ssdread	50301
ssdread	47808
ssdread	46454
ssdread	47482
ssdread	50501
ssdread	50950
ssdread	49708
ssdread	50120
ssdread	50469
ssdread	47223
ssdread	46586
ssdread	54474
ssdread	50570
ssdread	46905
ssdread	50025
ssdread	53956
ssdread	47812
ssdread	50305
ssdread	50422
ssdread	51543
ssdread	46509
ssdread	50642
ssdread	53761
ssdread	49574
ssdread	46366
ssdread	51021
ssdread	47028
ssdread	48753
ssdread	49674
ssdread	50620
ssdread	50251
ssdread	50420
ssdread	50075
ssdread	47668
ssdread	49982
ssdread	50106
ssdread	49521
ssdread	50526
ssdread	49844
ssdread	50238
ssdread	46378
ssdread	58202
ssdread	51024
ssdread	47649
ssdread	47348
ssdread	49766
ssdread	49861
ssdread	65805
ssdread	63545
ssdread	47363
ssdread	47608
ssdread	76493
ssdread	51652
ssdread	50168
ssdread	50552
ssdread	49746
ssdread	109126
ssdread	81817
ssdread	82519
ssdread	87097
ssdread	95140
ssdread	80442
ssdread	83678
ssdread	47773
ssdread	47288
ssdread	51064
ssdread	50322
ssdread	50893
ssdread	50165
ssdread	46635
ssdread	50524
ssdread	46921
ssdread	47037
ssdread	46408
ssdread	46747
ssdread	46544
ssdread	46179
ssdread	50421
ssdread	50163
ssdread	46982
ssdread	46610
ssdread	53884
ssdread	50241
ssdread	47585
ssdread	46634
ssdread	50134
ssdread	49917
ssdread	50582
ssdread	50102
ssdread	50131
ssdread	66589
ssdread	59761
ssdread	50157
ssdread	46847
ssdread	50641
ssdread	51197
ssdread	47190
ssdread	46912
ssdread	46373
ssdread	46368
ssdread	50060
ssdread	49995
ssdread	50878
ssdread	47095
ssdread	49791
ssdread	50342
ssdread	50630
ssdread	46693
ssdread	49944
ssdread	46717
ssdread	50320
ssdread	50139
ssdread	49994
ssdread	47019
ssdread	49707
ssdread	55567
ssdread	47487
ssdread	46784
ssdread	50013
ssdread	50371
ssdread	50465
ssdread	50842
ssdread	50540
ssdread	47575
ssdread	47051
ssdread	46570
ssdread	50738
ssdread	46620
ssdread	50127
ssdread	50431
ssdread	46929
ssdread	46927
ssdread	46916
ssdread	49892
ssdread	46988
ssdread	50067
ssdread	51407
ssdread	52960
ssdread	46533
ssdread	47576
ssdread	46989
ssdread	49930
ssdread	47531
ssdread	50130
ssdread	49529
ssdread	46977
ssdread	46079
ssdread	49801
ssdread	46710
ssdread	46040
ssdread	46205
ssdread	49874
ssdread	46192
ssdread	49731
ssdread	46750
ssdread	50543
ssdread	50532
ssdread	50447
ssdread	46518
ssdread	46753
ssdread	50364
ssdread	46219
ssdread	49857
ssdread	49887
ssdread	49719
ssdread	49895
ssdread	50298
ssdread	49894
ssdread	46213
ssdread	46430
ssdread	46767
ssdread	50242
ssdread	50531
ssdread	47343
ssdread	46521
ssdread	50293
ssdread	49997
ssdread	50797
ssdread	50352
ssdread	46844
ssdread	47295
ssdread	46721
ssdread	50240
ssdread	49952
ssdread	50300
ssdread	50289
ssdread	50389
ssdread	50144
ssdread	50296
ssdread	50192
ssdread	49704
ssdread	50276
ssdread	49875
ssdread	47238
ssdread	46535
ssdread	49900
ssdread	50395
ssdread	49800
ssdread	50305
ssdread	46586
ssdread	46227
ssdread	50097
ssdread	50298
ssdread	49886
ssdread	50034
ssdread	49683
ssdread	49892
ssdread	49965
ssdread	46374
ssdread	46884
ssdread	50602
ssdread	50080
ssdread	50220
ssdread	63440
ssdread	46553
ssdread	49498
ssdread	49842
ssdread	51241
ssdread	47014
ssdread	50107
ssdread	46484
ssdread	50063
ssdread	50093
ssdread	50019
ssdread	46170
ssdread	49904
ssdread	50121
ssdread	46585
ssdread	46223
ssdread	49684
ssdread	50119
ssdread	61794
ssdread	62972
ssdread	50043
ssdread	49867
ssdread	46401
ssdread	47923
ssdread	46940
ssdread	47291
ssdread	49891
ssdread	59355
ssdread	59502
ssdread	49466
ssdread	47240
ssdread	46272
ssdread	49905
ssdread	46464
ssdread	55462
ssdread	50002
ssdread	49988
ssdread	46812
ssdread	49654
ssdread	50289
ssdread	50465
ssdread	45959
ssdread	49442
ssdread	46384
ssdread	50077
ssdread	50931
ssdread	46215
ssdread	46557
ssdread	50387
ssdread	46637
ssdread	46370
ssdread	46972
ssdread	46713
ssdread	50494
ssdread	47166
ssdread	49696
ssdread	49907
ssdread	49343
ssdread	47183
ssdread	47107
ssdread	47767
ssdread	46620
ssdread	50585
ssdread	46482
ssdread	50010
ssdread	47136
ssdread	51004
ssdread	46737
ssdread	47493
ssdread	46803
ssdread	46336
ssdread	46462
ssdread	50616
ssdread	46302
ssdread	49734
ssdread	50302
ssdread	46728
ssdread	46815
ssdread	46525
ssdread	46300
ssdread	50603
ssdread	46734
ssdread	47156
ssdread	49917
ssdread	46806
ssdread	48603
ssdread	49598
ssdread	46733
ssdread	50114
ssdread	49479
ssdread	49570
ssdread	46258
ssdread	61492
ssdread	60791
ssdread	47158
ssdread	48281
ssdread	46666
ssdread	46510
ssdread	49816
ssdread	46473
ssdread	50023
ssdread	46570
ssdread	46340
ssdread	49743
ssdread	46523
ssdread	52765
ssdread	49958
ssdread	46596
ssdread	46795
ssdread	50047
ssdread	47098
ssdread	49781
ssdread	46400
ssdread	46217
ssdread	49585
ssdread	46662
ssdread	46289
ssdread	49908
ssdread	47343
ssdread	45981
ssdread	46054
ssdread	46491
ssdread	46100
ssdread	49700
ssdread	49700
ssdread	46475
ssdread	47473
ssdread	47028
ssdread	58759
ssdread	49831
ssdread	46654
ssdread	46271
ssdread	49683
ssdread	46246
ssdread	49688
ssdread	50129
ssdread	50361
ssdread	46387
ssdread	50207
ssdread	49472
ssdread	45830
ssdread	49925
ssdread	49933
ssdread	49983
ssdread	46755
ssdread	49867
ssdread	49766
ssdread	46511
ssdread	46615
ssdread	49682
ssdread	46168
ssdread	50397
ssdread	46105
ssdread	49513
ssdread	49642
ssdread	49579
ssdread	49594
ssdread	49975
ssdread	49581
ssdread	46123
ssdread	49794
ssdread	46657
ssdread	46223
ssdread	49880
ssdread	50209
ssdread	46925
ssdread	46670
ssdread	48050
ssdread	47381
ssdread	55014
ssdread	46963
ssdread	49517
ssdread	50375
ssdread	49879
ssdread	46514
ssdread	46681
ssdread	49906
ssdread	49857
ssdread	49694
ssdread	46608
ssdread	49326
ssdread	50184
ssdread	46624
ssdread	49433
ssdread	46395
ssdread	46147
ssdread	62607
ssdread	63837
ssdread	47019
ssdread	46488
ssdread	46439
ssdread	49517
ssdread	49859
ssdread	49820
ssdread	50298
ssdread	49743
ssdread	46332
ssdread	49561
ssdread	46666
ssdread	46471
ssdread	46190
ssdread	46823
ssdread	45615
ssdread	49815
ssdread	50287
ssdread	46798
ssdread	46243
ssdread	49575
ssdread	46509
ssdread	46540
ssdread	46717
ssdread	49741
ssdread	50103
ssdread	46832
ssdread	50122
ssdread	46529
ssdread	49484
ssdread	46041
ssdread	46090
ssdread	46341
ssdread	46615
ssdread	45951
ssdread	49449
ssdread	45988
ssdread	46728
ssdread	46216
ssdread	49410
ssdread	46354
ssdread	46103
ssdread	49840
ssdread	46481
ssdread	49370
ssdread	46665
ssdread	46107
ssdread	46167
ssdread	66145
ssdread	59965
ssdread	46318
ssdread	46938
ssdread	46528
ssdread	45982
ssdread	50256
ssdread	46818
ssdread	46990
ssdread	51007
ssdread	50033
ssdread	59297
ssdread	63683
ssdread	50147
ssdread	50080
ssdread	47200
ssdread	49448
ssdread	46759
ssdread	57231
ssdread	46241
ssdread	49939
ssdread	45944
ssdread	45947
ssdread	46566
ssdread	50352
ssdread	49958
ssdread	49146
ssdread	46203
ssdread	49119
ssdread	49567
ssdread	49635
ssdread	46646
ssdread	46406
ssdread	49927
ssdread	49818
ssdread	50367
ssdread	49804
ssdread	50115
ssdread	46057
ssdread	46476
ssdread	50121
ssdread	57743
ssdread	49536
ssdread	49879
ssdread	49127
ssdread	49677
ssdread	49709
ssdread	49692
ssdread	50058
ssdread	46578
ssdread	49154
ssdread	49474
ssdread	47994
ssdread	50250
ssdread	52413
ssdread	62132
ssdread	53139
ssdread	89899
ssdread	93604
ssdread	102354
ssdread	90850
ssdread	63259
ssdread	60512
ssdread	50954
ssdread	50343
ssdread	49587
ssdread	50101
ssdread	46866
ssdread	46827
ssdread	50882
ssdread	51289
ssdread	51276
ssdread	50626
ssdread	46848
ssdread	47030
ssdread	50360
ssdread	46541
ssdread	47209
ssdread	49819
ssdread	51111
ssdread	46748
ssdread	47044
ssdread	46515
ssdread	50727
ssdread	50020
ssdread	50153
ssdread	49584
ssdread	49881
ssdread	49795
ssdread	46874
ssdread	47027
ssdread	47690
ssdread	49855
ssdread	50703
ssdread	46582
ssdread	50350
ssdread	46473
ssdread	50051
ssdread	46862
ssdread	46708
ssdread	50121
ssdread	50582
ssdread	47004
ssdread	46980
ssdread	64005
ssdread	60682
ssdread	47006
ssdread	50231
ssdread	46416
ssdread	46428
ssdread	47310
ssdread	50413
ssdread	47595
ssdread	46793
ssdread	46557
ssdread	46816
ssdread	46922
ssdread	46575
ssdread	50205
ssdread	51026
ssdread	50553
ssdread	46622
ssdread	47021
ssdread	46539
ssdread	46779
ssdread	49804
ssdread	51036
ssdread	50940
ssdread	47884
ssdread	50306
ssdread	46655
ssdread	50886
ssdread	50678
ssdread	50316
ssdread	47024
ssdread	50209
ssdread	47036
ssdread	50127
ssdread	50518
ssdread	47523
ssdread	51353
ssdread	46369
ssdread	50226
ssdread	49754
ssdread	50079
ssdread	49230
ssdread	50724
ssdread	50082
ssdread	50537
ssdread	46921
ssdread	50672
ssdread	47174
ssdread	50941
ssdread	51498
ssdread	47241
ssdread	46665
ssdread	46558
ssdread	46652
ssdread	46839
ssdread	46852
ssdread	50381
ssdread	46319
ssdread	50129
ssdread	49980
ssdread	51466
ssdread	50419
ssdread	50021
ssdread	50798
ssdread	47847
ssdread	50042
ssdread	50518
ssdread	49831
ssdread	46726
ssdread	46704
ssdread	50070
ssdread	46367
ssdread	50712
ssdread	50325
ssdread	50824
ssdread	50741
ssdread	50726
ssdread	49481
ssdread	50543
ssdread	50003
ssdread	50173
ssdread	50206
ssdread	47469
ssdread	47083
ssdread	46689
ssdread	50248
ssdread	47061
ssdread	49625
ssdread	46986
ssdread	49747
ssdread	50216
ssdread	46428
ssdread	50051
ssdread	46363
ssdread	46868
ssdread	49754
ssdread	46234
ssdread	49649
ssdread	47475
ssdread	46135
ssdread	50413
ssdread	46458
ssdread	49843
ssdread	46344
ssdread	46135
ssdread	46313
ssdread	47241
ssdread	46571
ssdread	50343
ssdread	47406
ssdread	50217
ssdread	49987
ssdread	46887
ssdread	50316
ssdread	46787
ssdread	49743
ssdread	46731
ssdread	46575
ssdread	50426
ssdread	50234
ssdread	50634
ssdread	46427
ssdread	51529
ssdread	49768
ssdread	47598
ssdread	50150
ssdread	47073
ssdread	59688
ssdread	53701
ssdread	50946
ssdread	50147
ssdread	50306
ssdread	49534
ssdread	46624
ssdread	46701
ssdread	50407
ssdread	46047
ssdread	50271
ssdread	49790
ssdread	50042
ssdread	46867
ssdread	50506
ssdread	49971
ssdread	50548
ssdread	49960
ssdread	47300
ssdread	49926
ssdread	47372
ssdread	49768
ssdread	50781
ssdread	47655
ssdread	50264
ssdread	46765
ssdread	50147
ssdread	46796
ssdread	50444
ssdread	46585
ssdread	46565
ssdread	58716
ssdread	46657
ssdread	50422
ssdread	49595
ssdread	47121
ssdread	50113
ssdread	50008
ssdread	50900
ssdread	50756
ssdread	49977
ssdread	50018
ssdread	52216
ssdread	50609
ssdread	50346
ssdread	50838
ssdread	50134
ssdread	46252
ssdread	46628
ssdread	46577
ssdread	50541
ssdread	50776
ssdread	50162
ssdread	50088
ssdread	46437
ssdread	50038
ssdread	50522
ssdread	47185
ssdread	50264
ssdread	46597
ssdread	49834
ssdread	50142
ssdread	46802
ssdread	47036
ssdread	47275
ssdread	47171
ssdread	46772
ssdread	47121
ssdread	49913
ssdread	46963
ssdread	46865
ssdread	48178
ssdread	47327
ssdread	51699
ssdread	46393
ssdread	47456
ssdread	46838
ssdread	50190
ssdread	46605
ssdread	50750
ssdread	46412
ssdread	49903
ssdread	49848
ssdread	47074
ssdread	50790
ssdread	50282
ssdread	50230
ssdread	46908
ssdread	46249
ssdread	50150
ssdread	49705
ssdread	50643
ssdread	49716
ssdread	50563
ssdread	50935
ssdread	50251
ssdread	50165
ssdread	50227
ssdread	46974
ssdread	50630
ssdread	46945
ssdread	46819
ssdread	46617
ssdread	50265
ssdread	48179
ssdread	51140
ssdread	49733
ssdread	50847
ssdread	47145
ssdread	50839
ssdread	50430
ssdread	50014
ssdread	46454
ssdread	46339
ssdread	49899
ssdread	50317
ssdread	49790
ssdread	50609
ssdread	50252
ssdread	46965
ssdread	46691
ssdread	62891
ssdread	50312
ssdread	50628
ssdread	47719
ssdread	47553
ssdread	46983
ssdread	50609
ssdread	50425
ssdread	46435
ssdread	47219
ssdread	46729
ssdread	50069
ssdread	47459
ssdread	46522
ssdread	50483
ssdread	50433
ssdread	50247
ssdread	49800
ssdread	47235
ssdread	51032
ssdread	50963
ssdread	47236
ssdread	46570
ssdread	53844
ssdread	51435
ssdread	49984
ssdread	46541
ssdread	50900
ssdread	47021
ssdread	46637
ssdread	47396
ssdread	45845
ssdread	46890
ssdread	49909
ssdread	50562
ssdread	50751
ssdread	49851
ssdread	49995
ssdread	46728
ssdread	49850
ssdread	49737
ssdread	50090
ssdread	50617
ssdread	49615
ssdread	50373
ssdread	50000
ssdread	47205
ssdread	49465
ssdread	50082
ssdread	49878
ssdread	46676
ssdread	49699
ssdread	47100
ssdread	46414
ssdread	46336
ssdread	49910
ssdread	50430
ssdread	50064
ssdread	50205
ssdread	49980
ssdread	46611
ssdread	63129
ssdread	59560
ssdread	46870
ssdread	46749
ssdread	47036
ssdread	49704
ssdread	47900
ssdread	46486
ssdread	50582
ssdread	46216
ssdread	49823
ssdread	46909
ssdread	50069
ssdread	46023
ssdread	47027
ssdread	50414
ssdread	46327
ssdread	49660
ssdread	49927
ssdread	49767
ssdread	50015
ssdread	50119
ssdread	50303
ssdread	50817
ssdread	46390
ssdread	49487
ssdread	47134
ssdread	46598
ssdread	50646
ssdread	45807
ssdread	50303
ssdread	50570
ssdread	47358
ssdread	50284
ssdread	46566
ssdread	49941
ssdread	46626
ssdread	46810
ssdread	47025
ssdread	49635
ssdread	46510
ssdread	46414
ssdread	46788
ssdread	58810
ssdread	87900
ssdread	47249
ssdread	50338
ssdread	47060
ssdread	46182
ssdread	47108
ssdread	46761
ssdread	50188
ssdread	50546
ssdread	49988
ssdread	50380
ssdread	50221
ssdread	50185
ssdread	49934
ssdread	46178
ssdread	47013
ssdread	46524
ssdread	49924
ssdread	46384
ssdread	49889
ssdread	47437
ssdread	50159
ssdread	46392
ssdread	50300
ssdread	46829
ssdread	49894
ssdread	50433
ssdread	46260
ssdread	49813
ssdread	49514
ssdread	46848
ssdread	45986
ssdread	50158
ssdread	49794
ssdread	50787
ssdread	49675
ssdread	46167
ssdread	46206
ssdread	51259
ssdread	50853
ssdread	46791
ssdread	46820
ssdread	50202
ssdread	49699
ssdread	50340
ssdread	46944
ssdread	49761
ssdread	49737
ssdread	50507
ssdread	49510
ssdread	50307
ssdread	46628
ssdread	46655
ssdread	58653
ssdread	63116
ssdread	50003
ssdread	46748
ssdread	46271
ssdread	50399
ssdread	46789
ssdread	50169
ssdread	50330
ssdread	49990
ssdread	46872
ssdread	50098
ssdread	49748
ssdread	46617
ssdread	49985
ssdread	47470
ssdread	49774
ssdread	50094
ssdread	50480
ssdread	46697
ssdread	46179
ssdread	46718
ssdread	49814
ssdread	49743
ssdread	46661
ssdread	49906
ssdread	50405
ssdread	48882
ssdread	49891
ssdread	46927
ssdread	49861
ssdread	47357
ssdread	46347
ssdread	50640
ssdread	49684
ssdread	50003
ssdread	47103
ssdread	47175
ssdread	50028
ssdread	49890
ssdread	49753
ssdread	47209
ssdread	49658
ssdread	47397
ssdread	49624
ssdread	46468
ssdread	49516
ssdread	50039
ssdread	46699
ssdread	46691
ssdread	50196
ssdread	49901
ssdread	49817
ssdread	46383
ssdread	46409
ssdread	46598
ssdread	46415
ssdread	46471
ssdread	49712
ssdread	46973
ssdread	46753
ssdread	50430
ssdread	47283
ssdread	50481
ssdread	46379
ssdread	46418
ssdread	49607
ssdread	59831
ssdread	59701
ssdread	49970
ssdread	50112
ssdread	46653
ssdread	50093
ssdread	46243
ssdread	46768
ssdread	50603
ssdread	52527
ssdread	47375
ssdread	47663
ssdread	46463
ssdread	49945
ssdread	50577
ssdread	50107
ssdread	46152
ssdread	49914
ssdread	46280
ssdread	50398
ssdread	46420
ssdread	46810
ssdread	46297
ssdread	50719
ssdread	46051
ssdread	46862
ssdread	49576
ssdread	46673
ssdread	46334
ssdread	50460
ssdread	45846
ssdread	50210
ssdread	46757
ssdread	46443
ssdread	49902
ssdread	50497
ssdread	49755
ssdread	46625
ssdread	49955
ssdread	50540
ssdread	46594
ssdread	49705
ssdread	51100
ssdread	50199
ssdread	50312
ssdread	50143
ssdread	46765
ssdread	60756
ssdread	62788
ssdread	50079
ssdread	49737
ssdread	50227
ssdread	47068
ssdread	49811
ssdread	49800
ssdread	50110
ssdread	46801
ssdread	50304
ssdread	50201
ssdread	47348
ssdread	64361
ssdread	63220
ssdread	49710
ssdread	47429
ssdread	50240
ssdread	49964
ssdread	50393
ssdread	49888
ssdread	46670
ssdread	49728
ssdread	50254
ssdread	50092
ssdread	59766
ssdread	60533
ssdread	49782
ssdread	50039
ssdread	50669
ssdread	49900
ssdread	50680
ssdread	47110
ssdread	50592
ssdread	48752
ssdread	49633
ssdread	50822
ssdread	52523
ssdread	48785
ssdread	48204
ssdread	50257
ssdread	47516
ssdread	50504
ssdread	50681
ssdread	50278
ssdread	50189
ssdread	50125
ssdread	47065
ssdread	49711
ssdread	50894
ssdread	50332
ssdread	50162
ssdread	47074
ssdread	50118
ssdread	50690
ssdread	50801
ssdread	50813
ssdread	46931
ssdread	50665
ssdread	46559
ssdread	46756
ssdread	47091
ssdread	46305
ssdread	48038
ssdread	47264
ssdread	47019
ssdread	46683
ssdread	47078
ssdread	47502
ssdread	46782
ssdread	62507
ssdread	59751
ssdread	49691
ssdread	46896
ssdread	46024
ssdread	47491
ssdread	46974
ssdread	50500
ssdread	46393
ssdread	47340
ssdread	49611
ssdread	50016
ssdread	46860
ssdread	46696
ssdread	49710
ssdread	46562
ssdread	46511
ssdread	46608
ssdread	46827
ssdread	46968
ssdread	49679
ssdread	50677
ssdread	46219
ssdread	47005
ssdread	49783
ssdread	52426
ssdread	46973
ssdread	53792
ssdread	46897
ssdread	49868
ssdread	46331
ssdread	50272
ssdread	46257
ssdread	50864
ssdread	49933
ssdread	46890
ssdread	64296
ssdread	62434
ssdread	50275
ssdread	46374
ssdread	47085
ssdread	46985
ssdread	46961
ssdread	50186
ssdread	51012
ssdread	46618
ssdread	50339
ssdread	47225
ssdread	46892
ssdread	46888
ssdread	49975
ssdread	46804
ssdread	46585
ssdread	47351
ssdread	49686
ssdread	46487
ssdread	46764
ssdread	46477
ssdread	49647
ssdread	50598
ssdread	46265
ssdread	46328
ssdread	49740
ssdread	49743
ssdread	50017
ssdread	46093
ssdread	50457
ssdread	49796
ssdread	49846
ssdread	47113
ssdread	50769
ssdread	49913
ssdread	50431
ssdread	46275
ssdread	49558
ssdread	46507
ssdread	62222
ssdread	63199
ssdread	47096
ssdread	46117
ssdread	46603
ssdread	46452
ssdread	46305
ssdread	46941
ssdread	46456
ssdread	49981
ssdread	47507
ssdread	50088
ssdread	50137
ssdread	46685
ssdread	46343
ssdread	49889
ssdread	51091
ssdread	49790
ssdread	46406
ssdread	46722
ssdread	46862
ssdread	46765
ssdread	49896
ssdread	50386
ssdread	49640
ssdread	50404
ssdread	49648
ssdread	45981
ssdread	47076
ssdread	50219
ssdread	50576
ssdread	47365
ssdread	47025
ssdread	50289
ssdread	46775
ssdread	50060
ssdread	50662
ssdread	46433
ssdread	46058
ssdread	46149
ssdread	49943
ssdread	46138
ssdread	46489
ssdread	50260
ssdread	46388
ssdread	47264
ssdread	49559
ssdread	46553
ssdread	46916
ssdread	47229
ssdread	49710
ssdread	46113
ssdread	52665
ssdread	54191
ssdread	50427
ssdread	49786
ssdread	50054
ssdread	46359
ssdread	49984
ssdread	49395
ssdread	47258
ssdread	49705
ssdread	47231
ssdread	49637
ssdread	50364
ssdread	46093
ssdread	46304
ssdread	55946
ssdread	50323
ssdread	47343
ssdread	46329
ssdread	50051
ssdread	49968
ssdread	47056
ssdread	49428
ssdread	49661
ssdread	50577
ssdread	46560
ssdread	46105
ssdread	50237
ssdread	46683
ssdread	46253
ssdread	46168
ssdread	46078
ssdread	46560
ssdread	50064
ssdread	46678
ssdread	46733
ssdread	45483
ssdread	49913
ssdread	46162
ssdread	49856
ssdread	47036
ssdread	50746
ssdread	46501
ssdread	49839
ssdread	46192
ssdread	50186
ssdread	46895
ssdread	46774
ssdread	50043
ssdread	47640
ssdread	49963
ssdread	49496
ssdread	46820
ssdread	46400
ssdread	50239
ssdread	46938
ssdread	46657
ssdread	46428
ssdread	50380
ssdread	50795
ssdread	47157
ssdread	48063
ssdread	50425
ssdread	46963
ssdread	46565
ssdread	49936
ssdread	50678
ssdread	47302
ssdread	50466
ssdread	46304
ssdread	50327
ssdread	46805
ssdread	46514
ssdread	50154
ssdread	46412
ssdread	50526
ssdread	58715
ssdread	46716
ssdread	49529
ssdread	46520
ssdread	49453
ssdread	49799
ssdread	47027
ssdread	50379
ssdread	50790
ssdread	49340
ssdread	49419
ssdread	49956
ssdread	46404
ssdread	46976
ssdread	47083
ssdread	46217
ssdread	49769
ssdread	46620
ssdread	49656
ssdread	50133
ssdread	50029
ssdread	46519
ssdread	46473
ssdread	46546
ssdread	45674
ssdread	46597
ssdread	51722
ssdread	47619
ssdread	46901
ssdread	50784
ssdread	47590
ssdread	49820
ssdread	50265
ssdread	46823
ssdread	45894
ssdread	47076
ssdread	49794
ssdread	50153
ssdread	49843
ssdread	46930
ssdread	62428
ssdread	59649
ssdread	49621
ssdread	49730
ssdread	46387
ssdread	50185
ssdread	48391
ssdread	46980
ssdread	49920
ssdread	46391
ssdread	46948
ssdread	46939
ssdread	49387
ssdread	45648
ssdread	46723
ssdread	49866
ssdread	46248
ssdread	46584
ssdread	49891
ssdread	46523
ssdread	46253
ssdread	46283
ssdread	51218
ssdread	46942
ssdread	50283
ssdread	50037
ssdread	50170
ssdread	47056
ssdread	47355
ssdread	50292
ssdread	47158
ssdread	49955
ssdread	46170
ssdread	49823
ssdread	46837
ssdread	46645
ssdread	46760
ssdread	47032
ssdread	46268
ssdread	46027
ssdread	46448
ssdread	46353
ssdread	46437
ssdread	49955
ssdread	50962
ssdread	52554
ssdread	54328
ssdread	52276
ssdread	51623
ssdread	53419
ssdread	51354
ssdread	50918
ssdread	58098
ssdread	55763
ssdread	53929
ssdread	55039
ssdread	48678
ssdread	49055
ssdread	50959
ssdread	51540
ssdread	47161
ssdread	48213
ssdread	51373
ssdread	48410
ssdread	51917
ssdread	47133
ssdread	47656
ssdread	759565
ssdread	65860
ssdread	49779
ssdread	51016
ssdread	51675
ssdread	65013
ssdread	52772
ssdread	51780
ssdread	47008
ssdread	50956
ssdread	50902
ssdread	47824
ssdread	50983
ssdread	50576
ssdread	47290
ssdread	47584
ssdread	50381
ssdread	51111
ssdread	50968
ssdread	48398
ssdread	46464
ssdread	47022
ssdread	50572
ssdread	67118
ssdread	49164
ssdread	52778
ssdread	48053
ssdread	46446
ssdread	46591
ssdread	46740
ssdread	47372
ssdread	46792
ssdread	47612
ssdread	49930
ssdread	50956
ssdread	47135
ssdread	51059
ssdread	49687
ssdread	51136
ssdread	50003
ssdread	46986
ssdread	49964
ssdread	50759
ssdread	63293
ssdread	63174
ssdread	51843
ssdread	46811
ssdread	50408
ssdread	49187
ssdread	51566
ssdread	49758
ssdread	49116
ssdread	47121
ssdread	51005
ssdread	49809
ssdread	50751
ssdread	46526
ssdread	50772
ssdread	50260
ssdread	50346
ssdread	46301
ssdread	50954
ssdread	47936
ssdread	50538
ssdread	50189
ssdread	50784
ssdread	50804
ssdread	50564
ssdread	46188
ssdread	47423
ssdread	46614
ssdread	53623
ssdread	49974
ssdread	47078
ssdread	50524
ssdread	51182
ssdread	49853
ssdread	46919
ssdread	49150
ssdread	46918
ssdread	50051
ssdread	58508
ssdread	62838
ssdread	47476
ssdread	45658
ssdread	51247
ssdread	49391
ssdread	51139
ssdread	46237
ssdread	50214
ssdread	50107
ssdread	47088
ssdread	49521
ssdread	46964
ssdread	49663
ssdread	47693
ssdread	49004
ssdread	47564
ssdread	48906
ssdread	46978
ssdread	49585
ssdread	47552
ssdread	49764
ssdread	50650
ssdread	45687
ssdread	50682
ssdread	53179
ssdread	47054
ssdread	49480
ssdread	51433
ssdread	46743
ssdread	46745
ssdread	48989
ssdread	50856
ssdread	60490
ssdread	66113
ssdread	50475
ssdread	46576
ssdread	50270
ssdread	49319
ssdread	47783
ssdread	49521
ssdread	46989
ssdread	49450
ssdread	47825
ssdread	51012
ssdread	50779
ssdread	49516
ssdread	47520
ssdread	46314
ssdread	47100
ssdread	45951
ssdread	50805
ssdread	45891
ssdread	50942
ssdread	46050
ssdread	47890
ssdread	45730
ssdread	47066
ssdread	46146
ssdread	46763
ssdread	45528
ssdread	47216
ssdread	45936
ssdread	47258
ssdread	46004
ssdread	46548
ssdread	51102
ssdread	47115
ssdread	49810
ssdread	50631
ssdread	48978
ssdread	51093
ssdread	49745
ssdread	46936
ssdread	49110
ssdread	50457
ssdread	49760
ssdread	47432
ssdread	45754
ssdread	46992
ssdread	49967
ssdread	50611
ssdread	46020
ssdread	46770
ssdread	46358
ssdread	50614
ssdread	46015
ssdread	50956
ssdread	49755
ssdread	47173
ssdread	49961
ssdread	50251
ssdread	49714
ssdread	50690
ssdread	49538
ssdread	61413
ssdread	60281
ssdread	47365
ssdread	45817
ssdread	47203
ssdread	46104
ssdread	47557
ssdread	46279
ssdread	47078
ssdread	49322
ssdread	47236
ssdread	49964
ssdread	50757
ssdread	50109
ssdread	47425
ssdread	45648
ssdread	50983
ssdread	46190
ssdread	47021
ssdread	46707
ssdread	50183
ssdread	46351
ssdread	50373
ssdread	46299
ssdread	50635
ssdread	49593
ssdread	47105
ssdread	46204
ssdread	47011
ssdread	46175
ssdread	50131
ssdread	46160
ssdread	50859
ssdread	46452
ssdread	47096
ssdread	45571
ssdread	48075
ssdread	46693
ssdread	50339
ssdread	49608
ssdread	50420
ssdread	46136
ssdread	50354
ssdread	49149
ssdread	47506
ssdread	49355
ssdread	50825
ssdread	46102
ssdread	50966
ssdread	46214
ssdread	50340
ssdread	45965
ssdread	47450
ssdread	46634
ssdread	50280
ssdread	49382
ssdread	51230
ssdread	49051
ssdread	46409
ssdread	49592
ssdread	47271
ssdread	46536
ssdread	47370
ssdread	45540
ssdread	50211
ssdread	50233
ssdread	47235
ssdread	45805
ssdread	47152
ssdread	49488
ssdread	50405
ssdread	46359
ssdread	47183
ssdread	46226
ssdread	46875
ssdread	50116
ssdread	46886
ssdread	46309
ssdread	48078
ssdread	49613
ssdread	48062
ssdread	49777
ssdread	50740
ssdread	45937
ssdread	47076
ssdread	45524
ssdread	436125
ssdread	62179
ssdread	48143
ssdread	48778
ssdread	46818
ssdread	48090
ssdread	51114
ssdread	47375
ssdread	45920
ssdread	51533
ssdread	66719
ssdread	49355
ssdread	50952
ssdread	46472
ssdread	51609
ssdread	50982
ssdread	48599
ssdread	51221
ssdread	51166
ssdread	63323
ssdread	50478
ssdread	53039
ssdread	50336
ssdread	51120
ssdread	55074
ssdread	52372
ssdread	53032
ssdread	52311
ssdread	51240
ssdread	47755
ssdread	50952
ssdread	47552
ssdread	47548
ssdread	62834
ssdread	64039
ssdread	51355
ssdread	50515
ssdread	47416
ssdread	48457
ssdread	47679
ssdread	50069
ssdread	48373
ssdread	50834
ssdread	51157
ssdread	49827
ssdread	50498
ssdread	47470
ssdread	50876
ssdread	50706
ssdread	50781
ssdread	50535
ssdread	48256
ssdread	47742
ssdread	51084
ssdread	50222
ssdread	48699
ssdread	50228
ssdread	48018
ssdread	51613
ssdread	51290
ssdread	51233
ssdread	48375
ssdread	47706
ssdread	51038
ssdread	52075
ssdread	48537
ssdread	50864
ssdread	51973
ssdread	51675
ssdread	47597
ssdread	47522
ssdread	343806
ssdread	85578
ssdread	49169
ssdread	47743
ssdread	51647
ssdread	47646
ssdread	48342
ssdread	51240
ssdread	51513
ssdread	51663
ssdread	47199
ssdread	47184
ssdread	47720
ssdread	51413
ssdread	51676
ssdread	52130
ssdread	48511
ssdread	52324
ssdread	47706
ssdread	49349
ssdread	55824
ssdread	50025
ssdread	47215
ssdread	47384
ssdread	50762
ssdread	47324
ssdread	47215
ssdread	47717
ssdread	51817
ssdread	52050
ssdread	47840
ssdread	51030
ssdread	50567
ssdread	47747
ssdread	50276
ssdread	47092
ssdread	50629
ssdread	52811
ssdread	50649
ssdread	51268
ssdread	53333
ssdread	51968
ssdread	51385
ssdread	48444
ssdread	47429
ssdread	58818
ssdread	51046
ssdread	48039
ssdread	47621
ssdread	49119
ssdread	47228
ssdread	47488
ssdread	47574
ssdread	50754
ssdread	50543
ssdread	51443
ssdread	47351
ssdread	47256
ssdread	50759
ssdread	47072
ssdread	47547
ssdread	51002
ssdread	51418
ssdread	47335
ssdread	50437
ssdread	47401
ssdread	47506
ssdread	51009
ssdread	47699
ssdread	47301
ssdread	47869
ssdread	51469
ssdread	50675
ssdread	51081
ssdread	50417
ssdread	47648
ssdread	51274
ssdread	48605
ssdread	51222
ssdread	51699
ssdread	46914
ssdread	47832
ssdread	47579
ssdread	51090
ssdread	50387
ssdread	47626
ssdread	50722
ssdread	51372
ssdread	47761
ssdread	51129
ssdread	47747
ssdread	46596
ssdread	46619
ssdread	51208
ssdread	46950
ssdread	50844
ssdread	50644
ssdread	48088
ssdread	46816
ssdread	50718
ssdread	50607
ssdread	51365
ssdread	50498
ssdread	54288
ssdread	50825
ssdread	47910
ssdread	50128
ssdread	48702
ssdread	46803
ssdread	51390
ssdread	47384
ssdread	47324
ssdread	51879
ssdread	48060
ssdread	47123
ssdread	50834
ssdread	1786031
ssdread	125712
ssdread	54681
ssdread	51522
ssdread	49635
ssdread	52150
ssdread	49351
ssdread	51360
ssdread	48592
ssdread	52022
ssdread	52771
ssdread	48978
ssdread	51375
ssdread	48471
ssdread	47835
ssdread	52268
ssdread	49151
ssdread	51450
ssdread	51401
ssdread	49133
ssdread	50134
ssdread	48498
ssdread	52501
ssdread	48815
ssdread	48314
ssdread	51835
ssdread	52810
ssdread	49463
ssdread	48537
ssdread	51359
ssdread	48776
ssdread	48628
ssdread	48978
ssdread	47979
ssdread	49264
ssdread	51680
ssdread	52546
ssdread	51924
ssdread	48748
ssdread	48395
ssdread	52045
ssdread	48668
ssdread	53240
ssdread	51888
ssdread	49173
ssdread	51652
ssdread	48404
ssdread	48574
ssdread	56366
ssdread	53734
ssdread	52498
ssdread	52691
ssdread	48343
ssdread	52485
ssdread	51819
ssdread	50938
ssdread	48511
ssdread	51766
ssdread	51840
ssdread	51223
ssdread	48275
ssdread	51949
ssdread	51514
ssdread	51614
ssdread	51677
ssdread	50420
ssdread	51571
ssdread	52118
ssdread	51919
ssdread	51305
ssdread	52214
ssdread	48704
ssdread	52359
ssdread	50930
ssdread	51706
ssdread	51031
ssdread	51616
ssdread	51001
ssdread	48698
ssdread	50849
ssdread	50775
ssdread	47724
ssdread	47469
ssdread	48275
ssdread	58926
ssdread	51124
ssdread	48092
ssdread	46826
ssdread	52395
ssdread	50822
ssdread	51480
ssdread	47739
ssdread	48122
ssdread	46840
ssdread	55064
ssdread	51947
ssdread	47786
ssdread	51291
ssdread	51741
ssdread	51451
ssdread	48139
ssdread	48731
ssdread	51475
ssdread	50811
ssdread	50592
ssdread	50887
ssdread	48541
ssdread	48958
ssdread	53145
ssdread	47673
ssdread	47552
ssdread	50601
ssdread	47435
ssdread	50812
ssdread	48182
ssdread	50416
ssdread	50962
ssdread	47413
ssdread	47177
ssdread	47207
ssdread	48121
ssdread	51003
ssdread	51377
ssdread	47348
ssdread	51285
ssdread	55966
ssdread	48326
ssdread	47923
ssdread	48475
ssdread	50789
ssdread	51242
ssdread	50773
ssdread	47671
ssdread	50799
ssdread	47816
ssdread	47513
ssdread	50810
ssdread	47466
ssdread	48105
ssdread	46849
ssdread	48758
ssdread	47229
ssdread	50666
ssdread	47245
ssdread	50923
ssdread	50401
ssdread	51154
ssdread	49879
ssdread	51117
ssdread	47521
ssdread	47537
ssdread	46714
ssdread	47132
ssdread	50757
ssdread	50971
ssdread	46765
ssdread	48454
ssdread	47501
ssdread	47396
ssdread	50947
ssdread	48370
ssdread	48423
ssdread	46975
ssdread	50590
ssdread	50401
ssdread	46358
ssdread	50414
ssdread	46652
ssdread	48330
ssdread	46448
ssdread	46849
ssdread	50117
ssdread	46501
ssdread	47990
ssdread	50712
ssdread	50289
ssdread	47403
ssdread	46782
ssdread	47369
ssdread	50925
ssdread	47117
ssdread	50072
ssdread	46801
ssdread	50122
ssdread	50853
ssdread	49861
ssdread	50803
ssdread	47510
ssdread	52721
ssdread	51409
ssdread	50881
ssdread	46997
ssdread	47484
ssdread	50345
ssdread	50887
ssdread	50341
ssdread	52339
ssdread	47815
ssdread	47517
ssdread	46301
ssdread	47120
ssdread	50112
ssdread	51399
ssdread	47332
ssdread	50167
ssdread	50586
ssdread	48136
ssdread	50218
ssdread	50562
ssdread	54425
ssdread	50730
ssdread	47285
ssdread	48490
ssdread	50439
ssdread	47042
ssdread	47107
ssdread	50241
ssdread	46583
ssdread	47179
ssdread	50117
ssdread	46220
ssdread	50526
ssdread	47420
ssdread	50393
ssdread	48026
ssdread	46671
ssdread	50682
ssdread	49847
ssdread	46947
ssdread	50492
ssdread	54742
ssdread	46934
ssdread	51262
ssdread	47358
ssdread	47428
ssdread	50908
ssdread	46904
ssdread	50258
ssdread	47385
ssdread	65891
ssdread	63606
ssdread	50880
ssdread	50917
ssdread	51040
ssdread	50208
ssdread	51247
ssdread	47480
ssdread	47344
ssdread	46742
ssdread	50563
ssdread	46863
ssdread	47851
ssdread	46652
ssdread	47329
ssdread	50887
ssdread	50462
ssdread	46998
ssdread	46855
ssdread	49997
ssdread	47384
ssdread	45895
ssdread	51020
ssdread	49977
ssdread	47661
ssdread	46497
ssdread	47508
ssdread	46789
ssdread	47031
ssdread	46377
ssdread	51302
ssdread	48157
ssdread	47222
ssdread	49661
ssdread	50414
ssdread	46776
ssdread	47623
ssdread	50235
ssdread	46668
ssdread	49862
ssdread	47536
ssdread	46372
ssdread	47419
ssdread	46696
ssdread	47297
ssdread	46428
ssdread	50339
ssdread	51247
ssdread	50748
ssdread	50082
ssdread	47650
ssdread	46919
ssdread	50986
ssdread	46944
ssdread	50853
ssdread	46904
ssdread	46703
ssdread	46910
ssdread	49005
ssdread	46986
ssdread	50710
ssdread	49973
ssdread	47573
ssdread	50156
ssdread	46948
ssdread	46320
ssdread	50048
ssdread	49610
ssdread	46785
ssdread	46787
ssdread	47017
ssdread	50232
ssdread	51061
ssdread	46202
ssdread	47139
ssdread	78675
ssdread	48277
ssdread	48253
ssdread	46762
ssdread	50389
ssdread	50148
ssdread	47065
ssdread	50591
ssdread	50782
ssdread	50060
ssdread	50422
ssdread	50393
ssdread	47885
ssdread	50215
ssdread	47503
ssdread	50117
ssdread	51929
ssdread	50665
ssdread	50038
ssdread	47036
ssdread	47051
ssdread	46800
ssdread	50616
ssdread	47024
ssdread	47509
ssdread	50094
ssdread	47135
ssdread	50045
ssdread	47006
ssdread	46554
ssdread	51618
ssdread	47144
ssdread	47073
ssdread	50244
ssdread	47126
ssdread	46056
ssdread	46228
ssdread	46495
ssdread	51025
ssdread	49919
ssdread	51007
ssdread	47189
ssdread	51036
ssdread	50465
ssdread	47063
ssdread	46978
ssdread	47476
ssdread	50365
ssdread	48042
ssdread	50323
ssdread	47617
ssdread	47168
ssdread	47616
ssdread	53748
ssdread	51599
ssdread	47242
ssdread	50102
ssdread	51459
ssdread	47770
ssdread	50442
ssdread	51005
ssdread	47074
ssdread	49750
ssdread	47077
ssdread	50885
ssdread	49749
ssdread	50406
ssdread	50171
ssdread	50662
ssdread	46917
ssdread	46776
ssdread	47287
ssdread	46656
ssdread	47030
ssdread	50032
ssdread	50114
ssdread	49908
ssdread	63289
ssdread	48961
ssdread	47247
ssdread	51447
ssdread	49838
ssdread	50049
ssdread	45993
ssdread	46487
ssdread	50475
ssdread	50084
ssdread	50240
ssdread	50423
ssdread	50244
ssdread	46841
ssdread	46527
ssdread	46568
ssdread	49255
ssdread	50820
ssdread	45935
ssdread	49984
ssdread	46605
ssdread	47084
ssdread	47624
ssdread	50350
ssdread	46385
ssdread	46906
ssdread	46753
ssdread	49378
ssdread	49745
ssdread	47081
ssdread	50435
ssdread	49809
ssdread	46823
ssdread	50734
ssdread	46566
ssdread	46999
ssdread	46844
ssdread	46848
ssdread	49558
ssdread	50368
ssdread	46722
ssdread	49981
ssdread	50670
ssdread	46667
ssdread	50231
ssdread	49785
ssdread	46958
ssdread	50169
ssdread	46448
ssdread	53824
ssdread	49724
ssdread	49772
ssdread	46786
ssdread	47090
ssdread	49926
ssdread	46305
ssdread	49955
ssdread	49607
ssdread	50307
ssdread	49821
ssdread	49920
ssdread	47437
ssdread	47712
ssdread	50807
ssdread	47350
ssdread	50676
ssdread	50233
ssdread	50247
ssdread	50024
ssdread	49848
ssdread	49787
ssdread	46561
ssdread	46484
ssdread	46502
ssdread	47258
ssdread	49743
ssdread	58437
ssdread	65672
ssdread	47117
ssdread	50030
ssdread	49928
ssdread	50078
ssdread	50054
ssdread	47071
ssdread	46731
ssdread	46910
ssdread	49978
ssdread	49213
ssdread	49413
ssdread	49682
ssdread	49578
ssdread	51771
ssdread	49458
ssdread	49686
ssdread	46257
ssdread	49802
ssdread	46354
ssdread	50244
ssdread	49619
ssdread	50177
ssdread	49719
ssdread	50221
ssdread	50050
ssdread	46444
ssdread	46722
ssdread	46120
ssdread	49657
ssdread	49905
ssdread	46778
ssdread	46221
ssdread	49946
ssdread	46280
ssdread	49591
ssdread	46763
ssdread	50276
ssdread	49881
ssdread	46525
ssdread	50058
ssdread	46682
ssdread	46516
ssdread	46331
ssdread	47393
ssdread	50636
ssdread	50518
ssdread	50863
ssdread	50510
ssdread	51741
ssdread	50958
ssdread	46822
ssdread	46280
ssdread	46454
ssdread	50099
ssdread	46615
ssdread	49701
ssdread	46403
ssdread	46370
ssdread	49845
ssdread	51498
ssdread	49560
ssdread	46468
ssdread	46875
ssdread	49231
ssdread	49204
ssdread	50147
ssdread	50321
ssdread	47014
ssdread	49635
ssdread	46313
ssdread	49711
ssdread	46640
ssdread	46852
ssdread	50036
ssdread	46702
ssdread	50311
ssdread	49318
ssdread	46315
ssdread	46241
ssdread	49600
ssdread	49861
ssdread	46796
ssdread	47055
ssdread	49744
ssdread	50298
ssdread	46322
ssdread	49702
ssdread	47028
ssdread	46923
ssdread	52106
ssdread	50317
ssdread	46656
ssdread	46368
ssdread	50463
ssdread	46770
ssdread	46513
ssdread	46914
ssdread	49974
ssdread	46566
ssdread	49805
ssdread	46453
ssdread	49329
ssdread	50557
ssdread	49675
ssdread	50153
ssdread	49530
ssdread	51562
ssdread	49255
ssdread	51176
ssdread	49953
ssdread	50469
ssdread	46207
ssdread	47081
ssdread	46755
ssdread	50273
ssdread	46178
ssdread	46814
ssdread	49627
ssdread	46571
ssdread	49230
ssdread	50186
ssdread	45849
ssdread	46582
ssdread	45925
ssdread	46830
ssdread	49275
ssdread	46836
ssdread	46923
ssdread	50842
ssdread	46448
ssdread	46362
ssdread	46460
ssdread	46539
ssdread	46360
ssdread	45970
ssdread	50238
ssdread	50369
ssdread	45638
ssdread	50701
ssdread	49602
ssdread	46499
ssdread	45782
ssdread	47176
ssdread	49645
ssdread	59133
ssdread	63159
ssdread	49584
ssdread	52226
ssdread	49925
ssdread	49858
ssdread	45396
ssdread	47115
ssdread	49946
ssdread	50613
ssdread	46885
ssdread	50095
ssdread	46129
ssdread	46616
ssdread	49754
ssdread	50604
ssdread	46486
ssdread	50124
ssdread	49596
ssdread	46524
ssdread	45894
ssdread	50672
ssdread	46171
ssdread	46584
ssdread	50114
ssdread	46261
ssdread	46170
ssdread	50439
ssdread	49314
ssdread	50384
ssdread	45765
ssdread	46780
ssdread	46798
ssdread	46738
ssdread	58159
ssdread	63760
ssdread	47469
ssdread	46089
ssdread	46659
ssdread	45639
ssdread	50289
ssdread	46269
ssdread	46898
ssdread	49455
ssdread	48440
ssdread	47198
ssdread	46621
ssdread	49775
ssdread	50467
ssdread	49410
ssdread	46604
ssdread	49584
ssdread	50117
ssdread	49684
ssdread	50765
ssdread	49579
ssdread	63473
ssdread	63829
ssdread	49867
ssdread	47207
ssdread	45903
ssdread	46963
ssdread	49608
ssdread	46863
ssdread	47651
ssdread	57127
ssdread	50367
ssdread	46185
ssdread	50333
ssdread	49295
ssdread	49475
ssdread	48899
ssdread	46803
ssdread	48933
ssdread	50000
ssdread	46071
ssdread	49430
ssdread	45927
ssdread	46312
ssdread	56563
ssdread	45566
ssdread	46596
ssdread	49214
ssdread	50297
ssdread	49899
ssdread	50692
ssdread	45626
ssdread	49883
ssdread	46165
ssdread	50454
ssdread	46138
ssdread	47321
ssdread	45665
ssdread	50347
ssdread	49422
ssdread	50010
ssdread	45743
ssdread	47147
ssdread	49044
ssdread	50492
ssdread	49218
ssdread	47099
ssdread	50496
ssdread	46750
ssdread	45527
ssdread	48111
ssdread	49182
ssdread	50277
ssdread	49415
ssdread	46207
ssdread	49426
ssdread	50393
ssdread	45561
ssdread	46848
ssdread	45539
ssdread	49804
ssdread	49431
ssdread	50054
ssdread	45921
ssdread	66675
ssdread	63854
ssdread	45996
ssdread	46930
ssdread	49979
ssdread	47273
ssdread	51393
ssdread	47116
ssdread	49639
ssdread	50086
ssdread	45784
ssdread	50232
ssdread	46196
ssdread	47631
ssdread	50142
ssdread	46549
ssdread	49526
ssdread	50033
ssdread	51739
ssdread	50491
ssdread	46352
ssdread	46652
ssdread	46358
ssdread	50953
ssdread	51865
ssdread	50950
ssdread	49822
ssdread	50793
ssdread	47745
ssdread	49632
ssdread	46667
ssdread	50151
ssdread	47173
ssdread	47113
ssdread	47107
ssdread	49276
ssdread	46697
ssdread	46546
ssdread	47170
ssdread	50106
ssdread	47478
ssdread	46514
ssdread	51524
ssdread	49834
ssdread	46922
ssdread	47505
ssdread	46396
ssdread	100534
ssdread	114445
ssdread	108179
ssdread	104364
ssdread	112319
ssdread	91551
ssdread	90682
ssdread	86655
ssdread	95832
ssdread	98535
ssdread	51194
ssdread	53417
ssdread	88527
ssdread	96339
ssdread	100522
ssdread	82483
ssdread	87440
ssdread	116669
ssdread	99517
ssdread	81021
ssdread	85708
ssdread	47574
ssdread	54261
ssdread	51777
ssdread	50520
ssdread	51079
ssdread	50813
ssdread	47050
ssdread	50879
ssdread	50100
ssdread	47300
ssdread	50457
ssdread	47106
ssdread	50490
ssdread	50609
ssdread	46865
ssdread	47724
ssdread	50589
ssdread	47112
ssdread	50558
ssdread	46896
ssdread	50080
ssdread	50692
ssdread	47569
ssdread	47089
ssdread	50041
ssdread	54782
ssdread	46186
ssdread	49609
ssdread	47270
ssdread	50694
ssdread	47206
ssdread	46423
ssdread	49858
ssdread	46689
ssdread	47097
ssdread	47084
ssdread	50385
ssdread	46916
ssdread	46545
ssdread	50298
ssdread	47073
ssdread	49933
ssdread	47080
ssdread	46689
ssdread	46815
ssdread	50718
ssdread	46808
ssdread	50312
ssdread	46288
ssdread	47267
ssdread	58802
ssdread	50708
ssdread	49778
ssdread	46458
ssdread	46426
ssdread	50395
ssdread	49997
ssdread	47218
ssdread	47325
ssdread	49889
ssdread	50097
ssdread	47525
ssdread	50053
ssdread	51045
ssdread	47219
ssdread	52670
ssdread	59147
ssdread	59656
ssdread	50297
ssdread	50147
ssdread	46762
ssdread	46340
ssdread	50135
ssdread	50779
ssdread	50259
ssdread	47267
ssdread	50257
ssdread	46504
ssdread	46150
ssdread	49807
ssdread	49970
ssdread	46291
ssdread	50447
ssdread	50765
ssdread	50939
ssdread	50314
ssdread	46812
ssdread	47763
ssdread	46757
ssdread	47129
ssdread	47480
ssdread	63188
ssdread	46494
ssdread	46526
ssdread	49841
ssdread	46956
ssdread	45811
ssdread	50692
ssdread	46701
ssdread	50139
ssdread	46980
ssdread	46673
ssdread	50625
ssdread	47598
ssdread	50695
ssdread	47410
ssdread	49827
ssdread	47627
ssdread	50561
ssdread	46317
ssdread	46414
ssdread	49710
ssdread	50114
ssdread	46751
ssdread	49886
ssdread	46277
ssdread	50465
ssdread	49937
ssdread	46959
ssdread	46502
ssdread	46953
ssdread	62551
ssdread	60564
ssdread	47017
ssdread	46469
ssdread	50468
ssdread	49717
ssdread	50386
ssdread	46771
ssdread	50376
ssdread	46714
ssdread	49748
ssdread	50078
ssdread	46484
ssdread	50044
ssdread	46508
ssdread	50487
ssdread	47219
ssdread	47303
ssdread	46166
ssdread	47360
ssdread	46563
ssdread	46608
ssdread	49898
ssdread	50463
ssdread	60969
ssdread	64658
ssdread	50020
ssdread	49659
ssdread	49691
ssdread	46895
ssdread	49681
ssdread	47160
ssdread	50109
ssdread	46305
ssdread	49780
ssdread	49610
ssdread	46174
ssdread	46415
ssdread	49842
ssdread	50064
ssdread	46533
ssdread	46671
ssdread	49458
ssdread	46733
ssdread	50098
ssdread	47142
ssdread	49959
ssdread	50464
ssdread	50005
ssdread	46405
ssdread	46215
ssdread	50295
ssdread	50571
ssdread	46414
ssdread	47014
ssdread	49704
ssdread	46490
ssdread	46356
ssdread	49999
ssdread	46378
ssdread	46671
ssdread	46640
ssdread	46705
ssdread	45971
ssdread	49473
ssdread	50177
ssdread	50712
ssdread	46439
ssdread	50209
ssdread	46110
ssdread	46409
ssdread	49914
ssdread	46342
ssdread	50150
ssdread	51008
ssdread	46712
ssdread	46901
ssdread	50080
ssdread	49554
ssdread	46432
ssdread	50838
ssdread	46827
ssdread	50299
ssdread	50453
ssdread	47729
ssdread	50061
ssdread	49631
ssdread	49839
ssdread	46919
ssdread	46594
ssdread	46650
ssdread	47034
ssdread	46255
ssdread	46304
ssdread	49849
ssdread	46923
ssdread	49833
ssdread	46530
ssdread	50337
ssdread	50213
ssdread	46765
ssdread	46821
ssdread	49926
ssdread	49683
ssdread	46592
ssdread	50353
ssdread	47857
ssdread	46384
ssdread	47280
ssdread	50327
ssdread	49676
ssdread	46420
ssdread	46190
ssdread	50903
ssdread	46634
ssdread	46747
ssdread	46877
ssdread	50825
ssdread	47424
ssdread	47007
ssdread	50373
ssdread	46504
ssdread	50180
ssdread	46594
ssdread	47094
ssdread	54141
ssdread	47726
ssdread	46314
ssdread	46431
ssdread	49603
ssdread	49906
ssdread	50230
ssdread	47057
ssdread	46845
ssdread	46705
ssdread	46999
ssdread	49985
ssdread	46960
ssdread	50472
ssdread	46103
ssdread	50287
ssdread	47181
ssdread	49759
ssdread	47360
ssdread	49630
ssdread	49996
ssdread	46710
ssdread	46119
ssdread	50288
ssdread	46829
ssdread	46249
ssdread	49672
ssdread	49665
ssdread	47728
ssdread	46488
ssdread	46046
ssdread	49708
ssdread	50119
ssdread	50038
ssdread	47647
ssdread	49964
ssdread	50449
ssdread	50128
ssdread	49828
ssdread	50110
ssdread	46519
ssdread	163183
ssdread	81069
ssdread	84283
ssdread	85384
ssdread	89212
ssdread	79175
ssdread	80176
ssdread	83179
ssdread	47349
ssdread	47089
ssdread	46794
ssdread	47138
ssdread	47118
ssdread	46552
ssdread	50445
ssdread	50744
ssdread	46322
ssdread	50601
ssdread	49791
ssdread	50296
ssdread	46592
ssdread	50042
ssdread	60678
ssdread	62539
ssdread	49827
ssdread	49820
ssdread	49905
ssdread	46877
ssdread	49784
ssdread	47552
ssdread	47392
ssdread	50392
ssdread	50314
ssdread	46977
ssdread	50197
ssdread	49763
ssdread	46760
ssdread	49677
ssdread	50777
ssdread	50539
ssdread	50386
ssdread	46759
ssdread	46696
ssdread	46406
ssdread	50627
ssdread	50228
ssdread	49936
ssdread	46264
ssdread	49741
ssdread	62280
ssdread	46417
ssdread	46767
ssdread	47151
ssdread	49986
ssdread	50768
ssdread	47120
ssdread	46823
ssdread	50251
ssdread	50119
ssdread	46035
ssdread	46394
ssdread	46641
ssdread	46765
ssdread	47001
ssdread	49909
ssdread	46312
ssdread	46851
ssdread	50037
ssdread	50083
ssdread	50417
ssdread	51040
ssdread	46662
ssdread	46890
ssdread	50402
ssdread	46130
ssdread	49864
ssdread	47134
ssdread	50358
ssdread	49750
ssdread	49662
ssdread	46929
ssdread	46970
ssdread	46466
ssdread	46858
ssdread	50550
ssdread	46633
ssdread	46249
ssdread	46748
ssdread	49627
ssdread	50645
ssdread	50185
ssdread	46312
ssdread	46309
ssdread	47228
ssdread	46487
ssdread	51709
ssdread	47834
ssdread	50442
ssdread	49493
ssdread	46716
ssdread	46588
ssdread	46590
ssdread	46821
ssdread	47047
ssdread	47154
ssdread	46606
ssdread	50317
ssdread	49547
ssdread	49767
ssdread	46250
ssdread	47370
ssdread	47085
ssdread	49672
ssdread	50417
ssdread	50172
ssdread	46501
ssdread	50721
ssdread	46966
ssdread	46079
ssdread	46585
ssdread	50934
ssdread	49508
ssdread	46753
ssdread	50434
ssdread	46523
ssdread	46793
ssdread	46559
ssdread	46538
ssdread	47182
ssdread	50006
ssdread	45861
ssdread	50323
ssdread	50075
ssdread	46961
ssdread	47917
ssdread	50223
ssdread	47233
ssdread	46444
ssdread	47722
ssdread	46629
ssdread	46778
ssdread	50395
ssdread	49678
ssdread	50394
ssdread	50306
ssdread	50240
ssdread	46673
ssdread	50168
ssdread	46865
ssdread	50057
ssdread	59628
ssdread	66126
ssdread	46610
ssdread	49522
ssdread	50107
ssdread	49924
ssdread	49920
ssdread	50026
ssdread	46773
ssdread	46923
ssdread	46513
ssdread	46697
ssdread	46391
ssdread	49625
ssdread	49823
ssdread	46695
ssdread	51117
ssdread	49859
ssdread	46309
ssdread	47017
ssdread	46942
ssdread	46446
ssdread	49435
ssdread	50273
ssdread	49672
ssdread	47040
ssdread	49768
ssdread	48551
ssdread	50442
ssdread	49941
ssdread	49932
ssdread	50116
ssdread	50442
ssdread	49907
ssdread	47333
ssdread	50414
ssdread	50382
ssdread	46560
ssdread	49790
ssdread	46470
ssdread	46727
ssdread	50192
ssdread	47496
ssdread	50593
ssdread	50037
ssdread	56511
ssdread	63174
ssdread	50389
ssdread	46600
ssdread	46630
ssdread	50072
ssdread	46975
ssdread	47051
ssdread	50440
ssdread	49731
ssdread	46354
ssdread	46535
ssdread	50259
ssdread	46790
ssdread	49632
ssdread	50280
ssdread	47159
ssdread	46299
ssdread	46225
ssdread	50847
ssdread	49723
ssdread	49682
ssdread	46502
ssdread	50725
ssdread	47394
ssdread	49869
ssdread	50291
ssdread	50367
ssdread	46380
ssdread	50368
ssdread	47241
ssdread	50553
ssdread	50039
ssdread	46408
ssdread	46557
ssdread	50456
ssdread	46969
ssdread	47039
ssdread	50005
ssdread	50135
ssdread	49889
ssdread	46638
ssdread	46581
ssdread	52223
ssdread	50597
ssdread	46714
ssdread	46909
ssdread	50158
ssdread	52949
ssdread	51475
ssdread	46342
ssdread	50363
ssdread	46697
ssdread	50011
ssdread	50076
ssdread	46610
ssdread	46662
ssdread	49724
ssdread	50167
ssdread	47102
ssdread	46417
ssdread	46651
ssdread	46184
ssdread	50215
ssdread	47182
ssdread	50324
ssdread	46472
ssdread	46668
ssdread	49991
ssdread	46979
ssdread	46837
ssdread	50164
ssdread	50131
ssdread	49751
ssdread	59952
ssdread	62703
ssdread	49926
ssdread	49390
ssdread	50106
ssdread	50354
ssdread	49799
ssdread	46433
ssdread	49961
ssdread	47146
ssdread	51388
ssdread	51238
ssdread	50224
ssdread	46604
ssdread	50041
ssdread	49924
ssdread	49794
ssdread	46603
ssdread	49842
ssdread	64410
ssdread	46345
ssdread	46380
ssdread	46698
ssdread	46410
ssdread	49858
ssdread	50178
ssdread	49813
ssdread	46636
ssdread	49235
ssdread	45741
ssdread	49610
ssdread	46864
ssdread	50342
ssdread	46859
ssdread	46913
ssdread	46471
ssdread	49970
ssdread	49989
ssdread	50325
ssdread	46786
ssdread	46839
ssdread	49973
ssdread	47317
ssdread	49811
ssdread	50679
ssdread	46559
ssdread	50394
ssdread	46213
ssdread	47091
ssdread	46877
ssdread	46507
ssdread	299983
ssdread	85164
ssdread	48709
ssdread	51485
ssdread	50573
ssdread	51047
ssdread	46799
ssdread	60346
ssdread	46651
ssdread	47008
ssdread	47485
ssdread	50508
ssdread	49933
ssdread	46849
ssdread	47352
ssdread	50410
ssdread	46794
ssdread	46408
ssdread	50370
ssdread	49999
ssdread	49446
ssdread	50508
ssdread	50521
ssdread	47331
ssdread	51061
ssdread	50032
ssdread	49869
ssdread	50459
ssdread	49490
ssdread	49495
ssdread	46817
ssdread	46254
ssdread	50083
ssdread	51493
ssdread	50303
ssdread	47218
ssdread	50179
ssdread	50501
